gene	position	entropy
gyrB	2	0.008
gyrB	40	0.008
gyrB	66	0.014
gyrB	93	0.032
gyrB	94	0.042
gyrB	97	0.008
gyrB	130	0.008
gyrB	162	0.028
gyrB	173	0.008
gyrB	175	0.008
gyrB	176	0.008
gyrB	177	0.008
gyrB	183	0.008
gyrB	210	0.008
gyrB	214	0.008
gyrB	225	0.008
gyrB	248	0.008
gyrB	259	0.008
gyrB	270	0.008
gyrB	271	0.020
gyrB	274	0.008
gyrB	291	0.455
gyrB	296	0.008
gyrB	301	0.300
gyrB	305	0.008
gyrB	334	0.008
gyrB	355	0.008
gyrB	398	0.008
gyrB	403	0.319
gyrB	423	0.014
gyrB	432	0.008
gyrB	443	0.008
gyrB	446	0.008
gyrB	450	0.008
gyrB	472	0.008
gyrB	492	0.008
gyrB	493	0.032
gyrB	499	0.024
gyrB	500	0.014
gyrB	504	0.008
gyrB	506	0.008
gyrB	512	0.020
gyrB	520	0.008
gyrB	526	0.008
gyrB	584	0.008
gyrB	593	0.014
gyrB	596	0.008
gyrB	603	0.008
gyrB	623	0.008
gyrB	628	0.016
gyrB	630	0.008
gyrB	649	0.008
gyrB	661	0.020
gyrA	14	0.008
gyrA	20	0.008
gyrA	67	0.008
gyrA	80	0.037
gyrA	83	0.008
gyrA	89	0.008
gyrA	90	0.051
gyrA	91	0.026
gyrA	94	0.092
gyrA	95	0.400
gyrA	105	0.008
gyrA	124	0.008
gyrA	135	0.008
gyrA	154	0.008
gyrA	163	0.008
gyrA	199	0.008
gyrA	220	0.008
gyrA	230	0.008
gyrA	237	0.008
gyrA	239	0.016
gyrA	247	0.135
gyrA	249	0.008
gyrA	250	0.008
gyrA	258	0.008
gyrA	259	0.008
gyrA	272	0.008
gyrA	282	0.014
gyrA	291	0.008
gyrA	293	0.008
gyrA	296	0.086
gyrA	319	0.008
gyrA	322	0.008
gyrA	355	0.008
gyrA	356	0.008
gyrA	368	0.008
gyrA	384	0.453
gyrA	386	0.008
gyrA	388	0.008
gyrA	398	0.078
gyrA	431	0.008
gyrA	445	0.008
gyrA	456	0.008
gyrA	461	0.008
gyrA	462	0.008
gyrA	463	0.020
gyrA	472	0.028
gyrA	492	0.008
gyrA	495	0.008
gyrA	502	0.020
gyrA	505	0.008
gyrA	517	0.008
gyrA	578	0.008
gyrA	605	0.008
gyrA	613	0.008
gyrA	614	0.008
gyrA	624	0.014
gyrA	636	0.008
gyrA	639	0.168
gyrA	640	0.008
gyrA	643	0.008
gyrA	668	0.400
gyrA	715	0.008
gyrA	723	0.008
gyrA	728	0.008
gyrA	739	0.008
gyrA	777	0.008
gyrA	787	0.008
gyrA	808	0.008
gyrA	827	0.008
gyrA	828	0.008
Rv0010c	1	0.008
Rv0010c	2	0.008
Rv0010c	4	0.014
Rv0010c	5	0.016
Rv0010c	7	0.008
Rv0010c	8	0.008
Rv0010c	22	0.008
Rv0010c	23	0.026
Rv0010c	26	0.300
Rv0010c	27	0.008
Rv0010c	29	0.008
Rv0010c	34	0.008
Rv0010c	35	0.016
Rv0010c	36	0.016
Rv0010c	39	0.008
Rv0010c	40	0.032
Rv0010c	52	0.008
Rv0010c	82	0.032
Rv0010c	87	0.455
Rv0010c	95	0.056
Rv0010c	97	0.008
Rv0010c	105	0.008
Rv0010c	117	0.008
Rv0010c	119	0.008
Rv0010c	121	0.184
Rv0010c	122	0.008
Rv0010c	124	0.008
Rv0010c	125	0.008
Rv0010c	129	0.016
Rv0010c	134	0.016
Rv0010c	136	0.008
Rv0010c	138	0.008
Rv0010c	141	0.008
Rv0011c	11	0.008
Rv0011c	14	0.008
Rv0011c	22	0.008
Rv0011c	26	0.008
Rv0011c	31	0.014
Rv0011c	37	0.014
Rv0011c	49	0.008
Rv0011c	54	0.008
Rv0011c	59	0.008
Rv0011c	63	0.008
Rv0011c	65	0.008
Rv0011c	73	0.008
Rv0011c	82	0.008
Rv0026	7	0.008
Rv0026	13	0.008
Rv0026	17	0.008
Rv0026	32	0.008
Rv0026	34	0.008
Rv0026	60	0.008
Rv0026	81	0.014
Rv0026	88	0.069
Rv0026	91	0.014
Rv0026	93	0.192
Rv0026	101	0.008
Rv0026	103	0.008
Rv0026	122	0.008
Rv0026	133	0.008
Rv0026	153	0.008
Rv0026	161	0.016
Rv0026	164	0.008
Rv0026	186	0.008
Rv0026	207	0.014
Rv0026	212	0.014
Rv0026	213	0.008
Rv0026	220	0.008
Rv0026	229	0.008
Rv0026	248	0.008
Rv0026	259	0.032
Rv0026	271	0.008
Rv0026	272	0.008
Rv0026	283	0.008
Rv0026	285	0.008
Rv0026	292	0.008
Rv0026	303	0.008
Rv0026	320	0.008
Rv0026	321	0.016
Rv0026	323	0.113
Rv0026	340	0.008
Rv0026	352	0.008
Rv0026	374	0.008
Rv0026	388	0.008
Rv0026	397	0.008
Rv0026	408	0.421
Rv0026	410	0.008
Rv0026	411	0.008
Rv0026	413	0.008
Rv0026	417	0.008
Rv0026	419	0.008
Rv0026	423	0.008
Rv0026	427	0.008
Rv0026	442	0.008
Rv0026	446	0.324
Rv0039c	21	0.008
Rv0039c	24	0.690
Rv0039c	29	0.008
Rv0039c	42	0.016
Rv0039c	43	0.008
Rv0039c	56	0.008
Rv0039c	75	0.008
ponA1	6	0.177
ponA1	19	0.014
ponA1	24	0.014
ponA1	32	0.008
ponA1	38	0.032
ponA1	41	0.051
ponA1	47	0.008
ponA1	86	0.008
ponA1	141	0.008
ponA1	170	0.037
ponA1	193	0.008
ponA1	213	0.014
ponA1	218	0.008
ponA1	303	0.008
ponA1	324	0.008
ponA1	357	0.008
ponA1	363	0.008
ponA1	365	0.008
ponA1	369	0.008
ponA1	375	0.008
ponA1	378	0.008
ponA1	385	0.008
ponA1	386	0.008
ponA1	387	0.008
ponA1	394	0.259
ponA1	428	0.008
ponA1	430	0.008
ponA1	435	0.008
ponA1	441	0.008
ponA1	442	0.008
ponA1	461	0.008
ponA1	469	0.082
ponA1	516	0.008
ponA1	527	0.008
ponA1	586	0.230
ponA1	591	0.008
ponA1	599	0.008
ponA1	620	0.008
ponA1	624	0.008
ponA1	630	0.008
ponA1	631	0.008
ponA1	635	0.008
ponA1	649	0.008
ponA1	661	0.008
ponA1	670	0.008
ponA1	675	0.008
ponA1	676	0.008
ponA1	677	0.008
Rv0147	12	0.008
Rv0147	69	0.008
Rv0147	72	0.008
Rv0147	75	0.008
Rv0147	88	0.008
Rv0147	94	0.008
Rv0147	98	0.008
Rv0147	112	0.008
Rv0147	121	0.032
Rv0147	178	0.008
Rv0147	199	0.008
Rv0147	213	0.008
Rv0147	226	0.008
Rv0147	230	0.008
Rv0147	251	0.008
Rv0147	274	0.008
Rv0147	317	0.008
Rv0147	339	0.037
Rv0147	362	0.008
Rv0147	383	0.008
Rv0147	388	0.008
Rv0147	399	0.008
Rv0147	402	0.008
Rv0147	409	0.008
Rv0147	420	0.008
Rv0147	437	0.008
Rv0147	458	0.008
Rv0147	461	0.008
Rv0147	463	0.008
Rv0147	474	0.008
Rv0147	498	0.008
Rv0147	503	0.008
mce1R	10	0.014
mce1R	18	0.008
mce1R	30	0.014
mce1R	31	0.008
mce1R	65	0.008
mce1R	72	0.008
mce1R	73	0.008
mce1R	83	0.008
mce1R	92	0.008
mce1R	99	0.008
mce1R	100	0.008
mce1R	113	0.008
mce1R	122	0.008
mce1R	149	0.008
mce1R	153	0.008
mce1R	163	0.008
mce1R	181	0.008
mce1R	184	0.008
mce1R	190	0.047
mce1R	203	0.008
mce1R	204	0.016
mce1R	214	0.008
lprO	2	0.008
lprO	9	0.008
lprO	43	0.008
lprO	124	0.277
lprO	126	0.008
lprO	144	0.008
lprO	152	0.008
lprO	155	0.008
lprO	161	0.008
lprO	196	0.014
lprO	210	0.008
lprO	228	0.014
lprO	236	0.008
lprO	243	0.008
lprO	244	0.014
lprO	292	0.008
lprO	329	0.008
fadA2	14	0.008
fadA2	24	0.008
fadA2	56	0.008
fadA2	170	0.020
fadA2	183	0.008
fadA2	195	0.008
fadA2	220	0.014
fadA2	221	0.008
fadA2	228	0.008
fadA2	232	0.020
fadA2	238	0.026
fadA2	245	0.008
fadA2	256	0.008
fadA2	262	0.008
fadA2	283	0.008
fadA2	288	0.008
fadA2	308	0.008
fadA2	363	0.008
fadA2	368	0.008
fadA2	369	0.008
fadA2	412	0.008
fadA2	435	0.008
fadE5	1	0.008
fadE5	4	0.008
fadE5	8	0.008
fadE5	54	0.008
fadE5	63	0.008
fadE5	71	0.020
fadE5	74	0.016
fadE5	93	0.008
fadE5	104	0.008
fadE5	114	0.008
fadE5	132	0.008
fadE5	135	0.008
fadE5	158	0.008
fadE5	179	0.008
fadE5	204	0.014
fadE5	219	0.008
fadE5	220	0.020
fadE5	222	0.008
fadE5	223	0.008
fadE5	224	0.008
fadE5	226	0.008
fadE5	230	0.008
fadE5	247	0.008
fadE5	250	0.008
fadE5	259	0.008
fadE5	265	0.026
fadE5	266	0.008
fadE5	287	0.034
fadE5	321	0.008
fadE5	337	0.008
fadE5	340	0.008
fadE5	341	0.008
fadE5	347	0.008
fadE5	350	0.008
fadE5	356	0.008
fadE5	361	0.008
fadE5	363	0.008
fadE5	374	0.051
fadE5	378	0.008
fadE5	394	0.184
fadE5	399	0.008
fadE5	420	0.008
fadE5	431	0.008
fadE5	437	0.008
fadE5	442	0.008
fadE5	455	0.008
fadE5	461	0.014
fadE5	479	0.181
fadE5	502	0.014
fadE5	503	0.008
fadE5	522	0.102
fadE5	528	0.008
fadE5	541	0.014
fadE5	543	0.008
fadE5	578	0.008
fecB2	61	0.008
fecB2	83	0.008
fecB2	88	0.008
fecB2	95	0.008
fecB2	114	0.008
fecB2	116	0.032
fecB2	119	0.008
fecB2	153	0.014
fecB2	163	0.008
fecB2	174	0.008
fecB2	175	0.008
fecB2	176	0.008
fecB2	177	0.008
fecB2	182	0.008
fecB2	190	0.008
fecB2	225	0.008
fecB2	252	0.008
fecB2	267	0.008
fecB2	269	0.008
fecB2	270	0.008
fecB2	274	0.008
fecB2	281	0.022
fecB2	294	0.008
fecB2	305	0.008
fecB2	313	0.008
fecB2	321	0.008
esxG	59	0.008
esxG	60	0.008
esxG	67	0.008
esxG	81	0.008
esxH	7	0.008
esxH	9	0.029
esxH	10	0.035
esxH	11	0.008
esxH	12	0.008
esxH	29	0.008
esxH	71	0.113
esxH	74	0.008
esxH	83	0.008
Rv0323c	2	0.008
Rv0323c	13	0.008
Rv0323c	45	0.008
Rv0323c	51	0.008
Rv0323c	53	0.008
Rv0323c	66	0.008
Rv0323c	74	0.008
Rv0323c	84	0.008
Rv0323c	87	0.008
Rv0323c	90	0.014
Rv0323c	109	0.008
Rv0323c	120	0.008
Rv0323c	123	0.008
Rv0323c	161	0.045
Rv0323c	167	0.008
Rv0323c	184	0.008
Rv0323c	191	0.008
Rv0401	13	0.008
Rv0401	43	0.008
Rv0401	65	0.008
Rv0401	71	0.008
Rv0401	117	0.008
Rv0401	119	0.008
mmpL1	13	0.008
mmpL1	19	0.016
mmpL1	23	0.008
mmpL1	26	0.008
mmpL1	85	0.008
mmpL1	112	0.008
mmpL1	120	0.008
mmpL1	133	0.008
mmpL1	144	0.008
mmpL1	148	0.008
mmpL1	163	0.008
mmpL1	169	0.008
mmpL1	176	0.008
mmpL1	183	0.014
mmpL1	199	0.020
mmpL1	211	0.008
mmpL1	221	0.069
mmpL1	225	0.008
mmpL1	245	0.008
mmpL1	264	0.016
mmpL1	265	0.008
mmpL1	272	0.056
mmpL1	275	0.008
mmpL1	277	0.008
mmpL1	283	0.008
mmpL1	323	0.008
mmpL1	328	0.008
mmpL1	332	0.026
mmpL1	352	0.008
mmpL1	354	0.008
mmpL1	372	0.008
mmpL1	376	0.090
mmpL1	386	0.008
mmpL1	395	0.008
mmpL1	408	0.008
mmpL1	409	0.008
mmpL1	411	0.008
mmpL1	420	0.008
mmpL1	431	0.008
mmpL1	435	0.008
mmpL1	440	0.008
mmpL1	444	0.008
mmpL1	451	0.184
mmpL1	464	0.008
mmpL1	468	0.008
mmpL1	472	0.008
mmpL1	490	0.008
mmpL1	507	0.008
mmpL1	543	0.008
mmpL1	577	0.008
mmpL1	605	0.008
mmpL1	619	0.014
mmpL1	620	0.065
mmpL1	625	0.008
mmpL1	655	0.008
mmpL1	659	0.008
mmpL1	662	0.014
mmpL1	680	0.008
mmpL1	688	0.008
mmpL1	708	0.008
mmpL1	720	0.008
mmpL1	738	0.008
mmpL1	750	0.026
mmpL1	773	0.008
mmpL1	781	0.086
mmpL1	797	0.008
mmpL1	803	0.008
mmpL1	807	0.008
mmpL1	817	0.008
mmpL1	900	0.008
mmpL1	905	0.008
mmpL1	933	0.008
mmpL1	935	0.008
mmpL1	939	0.032
mmpL1	941	0.008
mmpL1	944	0.008
fadD30	10	0.138
fadD30	13	0.008
fadD30	18	0.008
fadD30	22	0.008
fadD30	38	0.008
fadD30	47	0.008
fadD30	51	0.008
fadD30	54	0.016
fadD30	58	0.008
fadD30	64	0.008
fadD30	71	0.008
fadD30	72	0.008
fadD30	78	0.008
fadD30	82	0.020
fadD30	86	0.016
fadD30	87	0.008
fadD30	88	0.199
fadD30	93	0.008
fadD30	98	0.008
fadD30	113	0.020
fadD30	115	0.008
fadD30	118	0.008
fadD30	123	0.008
fadD30	125	0.016
fadD30	135	0.020
fadD30	140	0.032
fadD30	151	0.008
fadD30	181	0.022
fadD30	192	0.014
fadD30	203	0.008
fadD30	207	0.365
fadD30	242	0.008
fadD30	250	0.014
fadD30	255	0.008
fadD30	264	0.008
fadD30	269	0.008
fadD30	276	0.008
fadD30	287	0.008
fadD30	293	0.008
fadD30	300	0.008
fadD30	302	0.008
fadD30	311	0.020
fadD30	322	0.008
fadD30	332	0.008
fadD30	342	0.008
fadD30	346	0.008
fadD30	360	0.008
fadD30	373	0.008
fadD30	374	0.008
fadD30	388	0.008
fadD30	395	0.008
fadD30	413	0.008
fadD30	416	0.008
fadD30	421	0.008
fadD30	428	0.014
fadD30	430	0.008
fadD30	442	0.008
fadD30	462	0.008
fadD30	463	0.008
fadD30	478	0.014
fadD30	483	0.069
fadD30	487	0.008
fadD30	499	0.008
fadD30	500	0.020
fadD30	529	0.254
fadD30	531	0.008
fadD30	552	0.082
fadD30	553	0.008
fadD30	565	0.014
fadD30	568	0.008
fadD30	574	0.008
fadD30	585	0.205
Rv0466	43	0.008
Rv0466	138	0.008
Rv0466	154	0.008
Rv0466	162	0.008
Rv0466	226	0.371
Rv0466	255	0.008
Rv0466	256	0.008
icl1	14	0.008
icl1	46	0.008
icl1	65	0.008
icl1	148	0.008
icl1	201	0.008
icl1	212	0.008
icl1	233	0.008
icl1	237	0.008
icl1	252	0.016
icl1	266	0.008
icl1	296	0.008
icl1	353	0.020
icl1	371	0.008
icl1	400	0.102
Rv0565c	16	0.020
Rv0565c	32	0.008
Rv0565c	53	0.008
Rv0565c	54	0.008
Rv0565c	57	0.022
Rv0565c	68	0.389
Rv0565c	100	0.008
Rv0565c	110	0.365
Rv0565c	120	0.008
Rv0565c	143	0.008
Rv0565c	154	0.008
Rv0565c	178	0.008
Rv0565c	183	0.008
Rv0565c	203	0.008
Rv0565c	223	0.008
Rv0565c	232	0.008
Rv0565c	234	0.008
Rv0565c	238	0.008
Rv0565c	239	0.008
Rv0565c	258	0.014
Rv0565c	262	0.008
Rv0565c	263	0.008
Rv0565c	272	0.008
Rv0565c	288	0.008
Rv0565c	298	0.014
Rv0565c	312	0.008
Rv0565c	322	0.008
Rv0565c	347	0.110
Rv0565c	355	0.008
Rv0565c	371	0.008
Rv0565c	419	0.008
Rv0565c	449	0.014
Rv0565c	468	0.008
Rv0600c	5	0.008
Rv0600c	7	0.008
Rv0600c	13	0.008
Rv0600c	48	0.008
Rv0600c	68	0.016
Rv0600c	75	0.008
Rv0600c	94	0.032
Rv0600c	108	0.008
Rv0600c	146	0.008
Rv0600c	150	0.008
vapB28	17	0.008
vapB28	19	0.008
vapB28	35	0.008
vapB28	38	0.008
vapB28	66	0.008
lipG	24	0.008
lipG	32	0.014
lipG	62	0.008
lipG	101	0.008
lipG	109	0.008
lipG	110	0.008
lipG	159	0.008
lipG	167	0.008
lipG	174	0.008
lipG	175	0.078
lipG	187	0.008
lipG	190	0.014
lipG	206	0.008
lipG	237	0.020
lipG	265	0.008
lipG	280	0.014
lipG	287	0.008
rpoB	16	0.008
rpoB	21	0.008
rpoB	22	0.098
rpoB	37	0.008
rpoB	45	0.022
rpoB	76	0.008
rpoB	167	0.008
rpoB	170	0.014
rpoB	195	0.008
rpoB	208	0.008
rpoB	310	0.008
rpoB	334	0.008
rpoB	344	0.008
rpoB	350	0.056
rpoB	388	0.106
rpoB	399	0.008
rpoB	400	0.008
rpoB	419	0.008
rpoB	424	0.008
rpoB	429	0.008
rpoB	430	0.020
rpoB	432	0.024
rpoB	434	0.008
rpoB	435	0.125
rpoB	441	0.008
rpoB	442	0.008
rpoB	445	0.108
rpoB	446	0.008
rpoB	450	0.319
rpoB	451	0.008
rpoB	452	0.020
rpoB	491	0.008
rpoB	515	0.008
rpoB	545	0.008
rpoB	615	0.008
rpoB	634	0.008
rpoB	639	0.110
rpoB	682	0.008
rpoB	686	0.008
rpoB	692	0.008
rpoB	694	0.008
rpoB	695	0.020
rpoB	723	0.008
rpoB	731	0.020
rpoB	754	0.008
rpoB	761	0.008
rpoB	774	0.008
rpoB	781	0.008
rpoB	783	0.008
rpoB	791	0.008
rpoB	812	0.008
rpoB	824	0.008
rpoB	873	0.008
rpoB	893	0.008
rpoB	975	0.008
rpoB	1077	0.008
rpoB	1078	0.008
rpoB	1102	0.008
rpoC	5	0.008
rpoC	69	0.008
rpoC	92	0.008
rpoC	143	0.008
rpoC	169	0.008
rpoC	172	0.455
rpoC	215	0.008
rpoC	232	0.008
rpoC	271	0.008
rpoC	313	0.016
rpoC	332	0.008
rpoC	346	0.008
rpoC	394	0.008
rpoC	402	0.008
rpoC	415	0.008
rpoC	416	0.008
rpoC	431	0.008
rpoC	434	0.008
rpoC	442	0.008
rpoC	452	0.008
rpoC	481	0.026
rpoC	483	0.046
rpoC	484	0.014
rpoC	485	0.029
rpoC	491	0.035
rpoC	591	0.014
rpoC	593	0.008
rpoC	594	0.389
rpoC	601	0.355
rpoC	621	0.155
rpoC	657	0.008
rpoC	663	0.008
rpoC	667	0.014
rpoC	679	0.008
rpoC	682	0.008
rpoC	692	0.008
rpoC	714	0.014
rpoC	741	0.008
rpoC	747	0.016
rpoC	748	0.008
rpoC	750	0.016
rpoC	752	0.008
rpoC	758	0.008
rpoC	790	0.020
rpoC	791	0.008
rpoC	832	0.008
rpoC	861	0.008
rpoC	906	0.026
rpoC	912	0.008
rpoC	913	0.008
rpoC	927	0.008
rpoC	932	0.008
rpoC	980	0.016
rpoC	1040	0.016
rpoC	1061	0.008
rpoC	1068	0.008
rpoC	1072	0.008
rpoC	1092	0.090
rpoC	1100	0.008
rpoC	1140	0.008
rpoC	1152	0.016
rpoC	1178	0.008
rpoC	1196	0.008
rpoC	1264	0.008
rpoC	1311	0.008
rpsL	17	0.008
rpsL	18	0.008
rpsL	43	0.243
rpsL	63	0.008
rpsL	70	0.008
rpsL	88	0.060
Rv0744c	15	0.014
Rv0744c	24	0.008
Rv0744c	30	0.233
Rv0744c	35	0.008
Rv0744c	50	0.008
Rv0744c	55	0.008
Rv0744c	67	0.008
Rv0744c	84	0.008
Rv0744c	100	0.008
Rv0744c	153	0.008
Rv0745	6	0.008
Rv0745	10	0.008
Rv0745	65	0.008
Rv0745	69	0.008
Rv0745	86	0.008
Rv0745	100	0.008
Rv0745	104	0.008
Rv0745	108	0.008
Rv0745	125	0.047
Rv0745	135	0.026
Rv0745	153	0.300
Rv0745	165	0.008
Rv0745	168	0.008
pabC	20	0.008
pabC	30	0.008
pabC	31	0.008
pabC	86	0.016
pabC	107	0.259
pabC	145	0.008
pabC	197	0.008
pabC	220	0.008
pabC	228	0.037
pabC	258	0.008
pabC	270	0.008
pabC	271	0.008
pabC	272	0.008
pip	8	0.008
pip	102	0.008
pip	108	0.008
pip	119	0.008
pip	161	0.008
pip	162	0.008
pip	165	0.008
pip	167	0.008
pip	173	0.008
pip	186	0.008
pip	192	0.008
pip	196	0.008
pip	203	0.008
pip	233	0.008
pip	241	0.008
pip	242	0.037
pip	250	0.008
pip	257	0.047
pip	261	0.008
pip	281	0.032
pip	284	0.014
Rv0841	4	0.008
Rv0841	8	0.110
Rv0841	29	0.184
Rv0841	57	0.014
Rv0841	61	0.008
Rv0841	70	0.008
Rv0841	72	0.008
Rv0841	79	0.008
Rv0879c	7	0.008
Rv0879c	27	0.008
Rv0879c	44	0.008
Rv0879c	90	0.008
Rv0893c	7	0.008
Rv0893c	26	0.462
Rv0893c	27	0.022
Rv0893c	31	0.357
Rv0893c	49	0.008
Rv0893c	92	0.008
Rv0893c	97	0.008
Rv0893c	111	0.008
Rv0893c	141	0.008
Rv0893c	142	0.008
Rv0893c	145	0.008
Rv0893c	160	0.008
Rv0893c	161	0.008
Rv0893c	165	0.014
Rv0893c	168	0.008
Rv0893c	169	0.008
Rv0893c	171	0.008
Rv0893c	176	0.008
Rv0893c	179	0.008
Rv0893c	181	0.008
Rv0893c	199	0.008
Rv0893c	212	0.008
Rv0893c	219	0.008
Rv0893c	235	0.008
Rv0893c	238	0.008
Rv0893c	271	0.008
Rv0893c	282	0.117
Rv0893c	287	0.008
Rv0893c	293	0.026
Rv0893c	309	0.014
Rv0893c	313	0.008
Rv0893c	323	0.008
Rv0893c	324	0.008
ctpE	57	0.008
ctpE	71	0.008
ctpE	80	0.014
ctpE	81	0.032
ctpE	100	0.008
ctpE	165	0.008
ctpE	166	0.008
ctpE	168	0.008
ctpE	238	0.008
ctpE	254	0.008
ctpE	260	0.008
ctpE	266	0.008
ctpE	310	0.008
ctpE	340	0.032
ctpE	348	0.008
ctpE	352	0.008
ctpE	362	0.259
ctpE	365	0.008
ctpE	370	0.008
ctpE	377	0.008
ctpE	395	0.008
ctpE	429	0.008
ctpE	448	0.008
ctpE	451	0.008
ctpE	500	0.008
ctpE	504	0.016
ctpE	515	0.008
ctpE	542	0.008
ctpE	560	0.008
ctpE	566	0.014
ctpE	575	0.008
ctpE	589	0.008
ctpE	597	0.008
ctpE	612	0.008
ctpE	637	0.008
ctpE	647	0.008
ctpE	661	0.008
ctpE	679	0.008
ctpE	685	0.008
ctpE	718	0.016
ctpE	741	0.008
ctpE	748	0.008
ctpE	750	0.016
Rv0909	28	0.008
Rv0909	40	0.008
Rv0909	45	0.582
Rv1043c	6	0.008
Rv1043c	26	0.008
Rv1043c	80	0.008
Rv1043c	99	0.181
Rv1043c	101	0.008
Rv1043c	104	0.008
Rv1043c	109	0.008
Rv1043c	174	0.008
Rv1043c	190	0.008
Rv1043c	195	0.008
Rv1043c	218	0.008
Rv1043c	234	0.008
Rv1043c	239	0.008
Rv1043c	263	0.162
Rv1043c	284	0.008
Rv1043c	298	0.008
Rv1043c	302	0.008
Rv1043c	306	0.008
Rv1043c	330	0.042
Rv1043c	333	0.008
Rv1043c	337	0.008
Rv1043c	338	0.008
fadD14	5	0.008
fadD14	11	0.008
fadD14	38	0.026
fadD14	59	0.008
fadD14	64	0.008
fadD14	150	0.020
fadD14	164	0.008
fadD14	178	0.008
fadD14	225	0.008
fadD14	226	0.008
fadD14	241	0.008
fadD14	249	0.008
fadD14	272	0.008
fadD14	275	0.008
fadD14	312	0.008
fadD14	317	0.008
fadD14	322	0.008
fadD14	361	0.008
fadD14	372	0.008
fadD14	390	0.008
fadD14	395	0.008
fadD14	399	0.014
fadD14	432	0.008
fadD14	443	0.008
fadD14	450	0.008
fadD14	460	0.008
fadD14	464	0.008
fadD14	488	0.008
fadD14	501	0.008
fadD14	503	0.026
fadD14	512	0.008
echA8	2	0.008
echA8	7	0.008
echA8	8	0.008
echA8	32	0.008
echA8	143	0.008
echA8	190	0.230
echA8	214	0.008
echA8	218	0.032
echA8	251	0.008
fadA3	99	0.020
fadA3	119	0.455
fadA3	131	0.008
fadA3	148	0.008
fadA3	182	0.008
fadA3	194	0.014
fadA3	240	0.047
fadA3	252	0.008
fadA3	277	0.008
fadA3	291	0.008
fadA3	333	0.008
fadA3	345	0.014
fadA3	354	0.008
fadA3	383	0.008
fadA3	397	0.008
greA	2	0.008
greA	90	0.008
Rv1081c	7	0.300
Rv1081c	29	0.008
Rv1081c	50	0.008
Rv1081c	116	0.008
Rv1081c	145	0.008
Rv1096	2	0.008
Rv1096	15	0.008
Rv1096	72	0.008
Rv1096	181	0.008
Rv1096	247	0.014
Rv1096	248	0.026
Rv1096	260	0.008
Rv1096	272	0.277
Rv1096	276	0.008
Rv1112	32	0.008
Rv1112	47	0.008
Rv1112	69	0.008
Rv1112	77	0.279
Rv1112	85	0.016
Rv1112	96	0.020
Rv1112	115	0.014
Rv1112	151	0.008
Rv1112	172	0.026
Rv1112	180	0.016
Rv1112	212	0.008
Rv1112	232	0.008
Rv1112	242	0.008
Rv1112	264	0.094
Rv1112	275	0.286
Rv1112	281	0.008
Rv1112	287	0.008
Rv1112	305	0.008
Rv1129c	1	0.008
Rv1129c	3	0.008
Rv1129c	12	0.008
Rv1129c	91	0.008
Rv1129c	98	0.008
Rv1129c	107	0.008
Rv1129c	111	0.008
Rv1129c	112	0.008
Rv1129c	129	0.008
Rv1129c	131	0.008
Rv1129c	133	0.047
Rv1129c	135	0.034
Rv1129c	149	0.008
Rv1129c	160	0.014
Rv1129c	188	0.008
Rv1129c	207	0.008
Rv1129c	230	0.008
Rv1129c	249	0.008
Rv1129c	262	0.008
Rv1129c	266	0.008
Rv1129c	267	0.008
Rv1129c	271	0.008
Rv1129c	294	0.026
Rv1129c	308	0.014
Rv1129c	329	0.008
Rv1129c	330	0.008
Rv1129c	332	0.008
Rv1129c	337	0.008
Rv1129c	402	0.026
Rv1129c	411	0.008
Rv1129c	449	0.008
Rv1129c	460	0.008
Rv1129c	473	0.008
Rv1129c	480	0.082
Rv1144	2	0.008
Rv1144	11	0.259
Rv1144	27	0.008
Rv1144	30	0.008
Rv1144	59	0.008
Rv1144	76	0.008
Rv1144	78	0.016
Rv1144	86	0.014
Rv1144	95	0.008
Rv1144	126	0.008
Rv1144	161	0.026
Rv1144	217	0.008
Rv1144	218	0.008
Rv1144	221	0.008
Rv1144	240	0.008
Rv1144	241	0.008
Rv1144	245	0.008
Rv1144	248	0.008
pks3	1	0.117
pks3	3	0.008
pks3	57	0.008
pks3	60	0.014
pks3	63	0.026
pks3	110	0.008
pks3	122	0.008
pks3	208	0.008
pks3	230	0.008
pks3	260	0.008
pks3	279	0.008
pks3	294	0.008
pks3	298	0.455
pks3	316	0.008
pks3	369	0.008
pks3	386	0.008
pks3	387	0.008
pks3	396	0.008
pks3	401	0.047
pks3	427	0.008
pks3	448	0.008
pks3	466	0.008
pks3	488	0.008
Rv1192	15	0.008
Rv1192	20	0.008
Rv1192	25	0.032
Rv1192	44	0.016
Rv1192	54	0.008
Rv1192	56	0.008
Rv1192	112	0.008
Rv1192	135	0.008
Rv1192	150	0.008
Rv1192	167	0.008
Rv1192	168	0.008
Rv1192	178	0.008
Rv1192	184	0.014
Rv1192	191	0.008
Rv1192	192	0.008
Rv1192	218	0.008
Rv1192	227	0.008
Rv1192	264	0.014
Rv1194c	4	0.008
Rv1194c	11	0.016
Rv1194c	14	0.008
Rv1194c	18	0.008
Rv1194c	19	0.008
Rv1194c	54	0.008
Rv1194c	56	0.026
Rv1194c	62	0.008
Rv1194c	63	0.008
Rv1194c	77	0.014
Rv1194c	84	0.008
Rv1194c	89	0.008
Rv1194c	91	0.008
Rv1194c	92	0.008
Rv1194c	93	0.008
Rv1194c	114	0.246
Rv1194c	137	0.014
Rv1194c	138	0.014
Rv1194c	158	0.008
Rv1194c	166	0.008
Rv1194c	167	0.008
Rv1194c	181	0.008
Rv1194c	185	0.008
Rv1194c	189	0.008
Rv1194c	205	0.032
Rv1194c	268	0.008
Rv1194c	319	0.008
Rv1194c	330	0.008
Rv1194c	336	0.008
Rv1194c	356	0.008
Rv1194c	360	0.008
Rv1194c	386	0.008
Rv1194c	389	0.008
Rv1194c	393	0.008
Rv1194c	403	0.008
Rv1194c	408	0.008
Rv1194c	422	0.008
Rv1218c	20	0.008
Rv1218c	26	0.008
Rv1218c	60	0.008
Rv1218c	71	0.008
Rv1218c	142	0.008
Rv1218c	149	0.008
Rv1218c	193	0.008
Rv1218c	208	0.008
Rv1218c	230	0.008
Rv1218c	243	0.668
Rv1218c	246	0.014
Rv1218c	259	0.014
Rv1218c	263	0.008
Rv1218c	283	0.008
Rv1218c	284	0.008
Rv1218c	288	0.008
Rv1218c	290	0.008
Rv1218c	293	0.008
Rv1218c	300	0.008
Rv1218c	311	0.026
rfe	9	0.008
rfe	56	0.008
rfe	90	0.008
rfe	205	0.008
rfe	289	0.020
rfe	357	0.319
rfe	402	0.008
Rv1303	13	0.008
Rv1303	16	0.008
Rv1303	29	0.008
Rv1303	54	0.008
Rv1303	58	0.008
Rv1303	116	0.008
Rv1303	127	0.008
Rv1303	156	0.008
rrs	53	0.008
rrs	70	0.008
rrs	72	0.008
rrs	82	0.008
rrs	95	0.008
rrs	117	0.008
rrs	162	0.008
rrs	172	0.032
rrs	173	0.026
rrs	187	0.008
rrs	195	0.008
rrs	198	0.008
rrs	235	0.008
rrs	237	0.008
rrs	245	0.008
rrs	282	0.008
rrs	293	0.008
rrs	295	0.008
rrs	297	0.008
rrs	302	0.008
rrs	324	0.008
rrs	338	0.026
rrs	339	0.008
rrs	341	0.008
rrs	342	0.008
rrs	385	0.008
rrs	403	0.008
rrs	412	0.020
rrs	415	0.008
rrs	417	0.008
rrs	426	0.037
rrs	442	0.008
rrs	468	0.008
rrs	472	0.008
rrs	482	0.008
rrs	484	0.008
fadA4	47	0.008
fadA4	62	0.008
fadA4	67	0.008
fadA4	110	0.008
fadA4	124	0.008
fadA4	155	0.008
fadA4	165	0.026
fadA4	167	0.008
fadA4	186	0.008
fadA4	201	0.008
fadA4	202	0.008
fadA4	215	0.014
fadA4	221	0.008
fadA4	252	0.008
fadA4	262	0.113
fadA4	265	0.008
fadA4	276	0.008
fadA4	284	0.008
fadA4	317	0.008
fadA4	330	0.008
fadA4	344	0.008
fadA4	368	0.008
fadA4	377	0.008
fadA4	378	0.008
fadA4	379	0.008
fadA4	390	0.008
mbtK	25	0.008
mbtK	31	0.008
mbtK	68	0.008
mbtK	95	0.047
mbtK	111	0.008
mbtK	121	0.008
mbtK	161	0.008
mbtK	175	0.008
mbtK	177	0.016
mbtK	181	0.008
mbtK	192	0.470
mbtK	198	0.008
mbtK	208	0.020
irtA	11	0.008
irtA	48	0.259
irtA	62	0.008
irtA	102	0.008
irtA	109	0.014
irtA	123	0.008
irtA	149	0.008
irtA	231	0.008
irtA	254	0.008
irtA	267	0.037
irtA	271	0.008
irtA	272	0.008
irtA	273	0.008
irtA	291	0.008
irtA	309	0.008
irtA	322	0.455
irtA	333	0.008
irtA	345	0.008
irtA	358	0.008
irtA	364	0.008
irtA	369	0.008
irtA	399	0.008
irtA	409	0.008
irtA	451	0.008
irtA	488	0.014
irtA	503	0.008
irtA	506	0.008
irtA	544	0.008
irtA	606	0.008
irtA	632	0.008
irtA	636	0.008
irtA	653	0.110
irtA	722	0.008
irtA	723	0.008
irtA	737	0.020
irtA	781	0.008
irtA	826	0.020
irtA	831	0.014
irtA	859	0.008
pyrB	15	0.008
pyrB	49	0.008
pyrB	59	0.008
pyrB	79	0.008
pyrB	101	0.008
pyrB	169	0.008
pyrB	225	0.008
pyrB	226	0.008
pyrB	286	0.008
pyrB	296	0.008
pyrB	314	0.008
Rv1393c	11	0.008
Rv1393c	69	0.008
Rv1393c	77	0.008
Rv1393c	83	0.008
Rv1393c	102	0.008
Rv1393c	111	0.008
Rv1393c	170	0.008
Rv1393c	177	0.008
Rv1393c	182	0.008
Rv1393c	221	0.008
Rv1393c	222	0.008
Rv1393c	228	0.008
Rv1393c	233	0.090
Rv1393c	249	0.037
Rv1393c	285	0.008
Rv1393c	306	0.008
Rv1393c	319	0.008
Rv1393c	336	0.008
Rv1393c	341	0.008
Rv1393c	350	0.008
Rv1393c	357	0.008
Rv1393c	374	0.008
Rv1393c	446	0.020
Rv1393c	452	0.008
Rv1393c	490	0.008
opcA	24	0.008
opcA	36	0.455
opcA	38	0.020
opcA	44	0.008
opcA	46	0.008
opcA	70	0.008
opcA	80	0.020
opcA	87	0.008
opcA	88	0.008
opcA	90	0.008
opcA	99	0.008
opcA	103	0.026
opcA	116	0.090
opcA	117	0.008
opcA	125	0.086
opcA	130	0.008
opcA	132	0.008
opcA	144	0.020
opcA	148	0.008
opcA	167	0.008
opcA	192	0.461
opcA	200	0.008
opcA	211	0.008
opcA	251	0.008
opcA	264	0.008
opcA	283	0.008
opcA	287	0.008
opcA	295	0.008
Rv1465	11	0.008
Rv1465	22	0.008
Rv1465	53	0.008
Rv1465	56	0.008
Rv1465	88	0.008
Rv1465	91	0.008
Rv1465	107	0.008
Rv1482c	6	0.008
Rv1482c	16	0.008
Rv1482c	19	0.008
Rv1482c	95	0.008
Rv1482c	110	0.008
Rv1482c	115	0.008
Rv1482c	120	0.008
Rv1482c	140	0.008
Rv1482c	145	0.008
Rv1482c	198	0.090
Rv1482c	201	0.008
Rv1482c	205	0.008
Rv1482c	207	0.008
Rv1482c	212	0.008
Rv1482c	258	0.008
Rv1482c	259	0.014
Rv1482c	266	0.008
fabG1	7	0.008
fabG1	11	0.008
fabG1	81	0.032
fabG1	189	0.008
fabG1	213	0.008
fabG1	214	0.008
fabG1	230	0.008
inhA	15	0.008
inhA	21	0.022
inhA	22	0.008
inhA	78	0.113
inhA	94	0.042
inhA	107	0.008
inhA	179	0.008
inhA	190	0.008
inhA	194	0.032
inhA	213	0.008
inhA	228	0.078
Rv1520	23	0.008
Rv1520	48	0.008
Rv1520	52	0.008
Rv1520	59	0.016
Rv1520	65	0.090
Rv1520	71	0.008
Rv1520	74	0.008
Rv1520	119	0.008
Rv1520	139	0.008
Rv1520	160	0.008
Rv1520	170	0.008
Rv1520	198	0.090
Rv1520	204	0.113
Rv1520	206	0.008
Rv1520	215	0.367
Rv1520	217	0.098
Rv1520	296	0.008
Rv1520	313	0.008
Rv1520	317	0.008
rpsA	11	0.008
rpsA	22	0.008
rpsA	51	0.008
rpsA	55	0.008
rpsA	67	0.008
rpsA	76	0.008
rpsA	79	0.008
rpsA	86	0.008
rpsA	121	0.008
rpsA	123	0.051
rpsA	127	0.008
rpsA	154	0.008
rpsA	158	0.008
rpsA	210	0.008
rpsA	215	0.008
rpsA	260	0.061
rpsA	265	0.008
rpsA	269	0.008
rpsA	340	0.008
rpsA	362	0.008
rpsA	381	0.008
rpsA	412	0.008
rpsA	420	0.008
rpsA	432	0.047
rpsA	440	0.184
rpsA	459	0.008
rpsA	468	0.008
pks8	26	0.008
pks8	60	0.008
pks8	78	0.177
pks8	82	0.008
pks8	85	0.008
pks8	95	0.008
pks8	102	0.008
pks8	111	0.008
pks8	114	0.008
pks8	116	0.008
pks8	120	0.008
pks8	124	0.008
pks8	128	0.008
pks8	137	0.008
pks8	146	0.008
pks8	147	0.008
pks8	148	0.008
pks8	158	0.016
pks8	172	0.008
pks8	174	0.008
pks8	179	0.008
pks8	203	0.014
pks8	213	0.008
pks8	215	0.051
pks8	216	0.008
pks8	219	0.026
pks8	221	0.008
pks8	232	0.008
pks8	247	0.008
pks8	255	0.016
pks8	257	0.008
pks8	258	0.014
pks8	259	0.008
pks8	272	0.008
pks8	277	0.008
pks8	288	0.008
pks8	312	0.008
pks8	338	0.008
pks8	341	0.008
pks8	347	0.008
pks8	356	0.008
pks8	369	0.008
pks8	382	0.008
pks8	384	0.008
pks8	387	0.008
pks8	410	0.008
pks8	412	0.008
pks8	419	0.008
pks8	456	0.008
pks8	461	0.008
pks8	473	0.008
pks8	479	0.008
pks8	505	0.008
pks8	508	0.008
pks8	516	0.008
pks8	521	0.008
pks8	545	0.014
pks8	552	0.008
pks8	554	0.008
pks8	573	0.014
pks8	585	0.020
pks8	588	0.008
pks8	602	0.008
pks8	617	0.008
pks8	618	0.008
pks8	634	0.008
pks8	635	0.008
pks8	638	0.008
pks8	656	0.008
pks8	663	0.008
pks8	691	0.008
pks8	694	0.016
pks8	715	0.016
pks8	717	0.008
pks8	741	0.008
pks8	745	0.008
pks8	751	0.008
pks8	752	0.008
pks8	771	0.008
pks8	774	0.008
pks8	781	0.014
pks8	784	0.008
pks8	786	0.032
pks8	797	0.008
pks8	798	0.008
pks8	799	0.008
pks8	802	0.008
pks8	808	0.177
pks8	811	0.008
pks8	823	0.008
pks8	830	0.008
pks8	839	0.008
pks8	864	0.008
pks8	868	0.008
pks8	897	0.008
pks8	910	0.008
pks8	913	0.008
pks8	947	0.008
pks8	951	0.008
pks8	953	0.008
pks8	965	0.008
pks8	970	0.008
pks8	978	0.032
pks8	987	0.008
pks8	990	0.014
pks8	1020	0.008
pks8	1031	0.008
pks8	1039	0.008
pks8	1050	0.008
pks8	1085	0.008
pks8	1098	0.008
pks8	1107	0.032
pks8	1112	0.008
pks8	1124	0.090
pks8	1127	0.008
pks8	1132	0.008
pks8	1138	0.008
pks8	1141	0.008
pks8	1157	0.008
pks8	1168	0.008
pks8	1195	0.008
pks8	1207	0.008
pks8	1228	0.359
pks8	1229	0.008
pks8	1235	0.008
pks8	1240	0.032
pks8	1260	0.284
pks8	1266	0.008
pks8	1296	0.016
pks8	1310	0.008
pks8	1311	0.008
pks8	1312	0.008
pks8	1317	0.008
pks8	1337	0.008
pks8	1357	0.069
pks8	1366	0.008
pks8	1374	0.008
pks8	1376	0.008
pks8	1399	0.008
pks8	1452	0.008
pks8	1458	0.008
pks8	1466	0.008
pks8	1469	0.184
pks8	1483	0.008
pks8	1487	0.016
pks8	1498	0.008
pks8	1507	0.008
pks8	1510	0.014
pks8	1516	0.008
pks8	1520	0.462
pks8	1554	0.008
pks8	1574	0.008
pks8	1586	0.008
pks8	1602	0.008
pks17	17	0.008
pks17	25	0.008
pks17	28	0.065
pks17	35	0.020
pks17	41	0.008
pks17	55	0.008
pks17	59	0.008
pks17	68	0.008
pks17	72	0.008
pks17	73	0.008
pks17	77	0.008
pks17	79	0.008
pks17	88	0.008
pks17	96	0.008
pks17	117	0.020
pks17	161	0.008
pks17	162	0.008
pks17	170	0.008
pks17	182	0.008
pks17	203	0.008
pks17	207	0.008
pks17	224	0.008
pks17	228	0.008
pks17	258	0.455
pks17	268	0.082
pks17	272	0.008
pks17	283	0.008
pks17	300	0.042
pks17	302	0.008
pks17	331	0.008
pks17	352	0.008
pks17	362	0.008
pks17	384	0.008
pks17	395	0.008
pks17	422	0.008
pks17	483	0.020
pks17	485	0.008
tlyA	4	0.008
tlyA	5	0.008
tlyA	41	0.008
tlyA	80	0.008
tlyA	136	0.008
tlyA	149	0.008
tlyA	156	0.008
tlyA	164	0.008
tlyA	179	0.008
tlyA	196	0.008
tlyA	236	0.008
tlyA	250	0.008
pyrG	5	0.008
pyrG	8	0.008
pyrG	38	0.008
pyrG	44	0.014
pyrG	53	0.455
pyrG	98	0.008
pyrG	105	0.008
pyrG	110	0.008
pyrG	129	0.008
pyrG	131	0.008
pyrG	135	0.008
pyrG	141	0.008
pyrG	186	0.008
pyrG	189	0.008
pyrG	219	0.008
pyrG	224	0.008
pyrG	252	0.008
pyrG	264	0.008
pyrG	266	0.008
pyrG	286	0.008
pyrG	290	0.008
pyrG	293	0.008
pyrG	296	0.016
pyrG	300	0.008
pyrG	305	0.008
pyrG	313	0.008
pyrG	318	0.014
pyrG	320	0.008
pyrG	344	0.008
pyrG	348	0.008
pyrG	349	0.061
pyrG	354	0.014
pyrG	454	0.008
pyrG	560	0.008
pyrG	567	0.016
pyrG	580	0.008
cycA	41	0.008
cycA	69	0.008
cycA	78	0.008
cycA	94	0.008
cycA	109	0.008
cycA	122	0.008
cycA	181	0.008
cycA	187	0.142
cycA	188	0.008
cycA	202	0.008
cycA	229	0.008
cycA	238	0.008
cycA	245	0.008
cycA	259	0.008
cycA	261	0.008
cycA	272	0.016
cycA	301	0.008
cycA	335	0.008
cycA	337	0.008
cycA	358	0.008
cycA	363	0.014
cycA	416	0.008
cycA	420	0.008
cycA	447	0.008
cycA	475	0.008
cycA	477	0.314
cycA	493	0.020
cycA	511	0.008
cycA	557	0.014
narX	26	0.014
narX	53	0.184
narX	55	0.008
narX	61	0.008
narX	76	0.008
narX	77	0.583
narX	90	0.008
narX	91	0.008
narX	93	0.008
narX	120	0.008
narX	127	0.008
narX	134	0.008
narX	173	0.008
narX	181	0.016
narX	189	0.008
narX	191	0.008
narX	195	0.008
narX	222	0.008
narX	232	0.008
narX	238	0.008
narX	275	0.008
narX	323	0.008
narX	407	0.008
narX	425	0.016
narX	431	0.008
narX	459	0.008
narX	479	0.008
narX	497	0.008
narX	499	0.008
narX	504	0.008
narX	517	0.008
narX	530	0.008
narX	548	0.008
narX	549	0.008
narX	621	0.008
vapC34	1	0.008
vapC34	11	0.008
vapC34	20	0.158
vapC34	33	0.008
vapC34	50	0.026
vapC34	67	0.277
pknF	26	0.008
pknF	31	0.008
pknF	45	0.008
pknF	61	0.008
pknF	65	0.008
pknF	69	0.008
pknF	84	0.008
pknF	89	0.008
pknF	92	0.008
pknF	98	0.008
pknF	127	0.008
pknF	163	0.008
pknF	255	0.259
pknF	265	0.008
pknF	277	0.008
pknF	286	0.008
pknF	288	0.008
pknF	299	0.014
pknF	301	0.008
pknF	312	0.008
pknF	325	0.184
pknF	326	0.026
pknF	334	0.026
pknF	352	0.008
pknF	356	0.008
pknF	359	0.008
pknF	361	0.008
pknF	401	0.014
pknF	439	0.008
pknF	451	0.008
esxM	18	0.008
esxM	25	0.020
esxM	43	0.008
esxM	47	0.008
esxM	48	0.556
esxM	51	0.008
esxM	58	0.032
esxM	59	0.692
esxM	60	0.008
esxM	61	0.008
esxM	62	0.008
esxM	63	0.008
esxM	64	0.008
esxM	65	0.008
esxM	66	0.008
esxM	77	0.014
Rv1816	1	0.045
Rv1816	14	0.008
Rv1816	16	0.032
Rv1816	55	0.008
Rv1816	125	0.008
Rv1816	134	0.008
Rv1816	191	0.037
Rv1816	195	0.008
Rv1816	197	0.008
Rv1816	210	0.008
Rv1816	218	0.008
Rv1816	229	0.008
Rv1817	18	0.008
Rv1817	37	0.008
Rv1817	65	0.014
Rv1817	100	0.008
Rv1817	136	0.008
Rv1817	171	0.008
Rv1817	186	0.008
Rv1817	196	0.008
Rv1817	240	0.008
Rv1817	245	0.026
Rv1817	250	0.008
Rv1817	261	0.008
Rv1817	288	0.008
Rv1817	290	0.008
Rv1817	326	0.008
Rv1817	338	0.090
Rv1817	373	0.008
Rv1817	383	0.008
Rv1817	404	0.008
Rv1817	407	0.008
Rv1817	411	0.008
Rv1817	413	0.008
Rv1817	474	0.008
ndh	7	0.008
ndh	18	0.069
ndh	29	0.008
ndh	108	0.008
ndh	113	0.008
ndh	117	0.032
ndh	200	0.008
ndh	206	0.008
ndh	225	0.008
ndh	240	0.008
ndh	254	0.008
ndh	268	0.037
ndh	284	0.056
ndh	313	0.008
ndh	324	0.008
ndh	327	0.008
ndh	339	0.008
ndh	356	0.008
ndh	365	0.008
ndh	379	0.008
ndh	441	0.008
lldD2	2	0.008
lldD2	3	0.320
lldD2	7	0.014
lldD2	14	0.008
lldD2	22	0.008
lldD2	34	0.008
lldD2	50	0.008
lldD2	59	0.697
lldD2	96	0.008
lldD2	109	0.355
lldD2	137	0.008
lldD2	142	0.008
lldD2	176	0.581
lldD2	237	0.090
lldD2	253	0.495
lldD2	258	0.086
lldD2	286	0.008
lldD2	291	0.008
lldD2	318	0.008
lldD2	373	0.008
*MtCM	8	0.008
*MtCM	9	0.008
*MtCM	10	0.008
*MtCM	28	0.008
*MtCM	31	0.008
*MtCM	33	0.008
*MtCM	38	0.008
*MtCM	61	0.008
*MtCM	62	0.008
*MtCM	89	0.008
*MtCM	91	0.008
*MtCM	96	0.008
*MtCM	119	0.008
*MtCM	144	0.008
*MtCM	145	0.032
*MtCM	168	0.008
*MtCM	182	0.041
*MtCM	187	0.008
lipJ	5	0.008
lipJ	18	0.008
lipJ	23	0.082
lipJ	54	0.008
lipJ	68	0.008
lipJ	69	0.230
lipJ	85	0.020
lipJ	100	0.008
lipJ	104	0.008
lipJ	109	0.008
lipJ	115	0.008
lipJ	118	0.008
lipJ	130	0.014
lipJ	150	0.008
lipJ	152	0.008
lipJ	168	0.008
lipJ	170	0.168
lipJ	187	0.008
lipJ	204	0.398
lipJ	211	0.008
lipJ	241	0.008
lipJ	247	0.008
lipJ	249	0.008
lipJ	264	0.008
lipJ	267	0.008
lipJ	277	0.008
lipJ	289	0.008
lipJ	371	0.020
lipJ	373	0.008
lipJ	384	0.008
lipJ	402	0.014
lipJ	406	0.008
lipJ	435	0.008
lipJ	443	0.008
cinA	14	0.008
cinA	18	0.008
cinA	19	0.008
cinA	33	0.037
cinA	61	0.008
cinA	62	0.008
cinA	65	0.008
cinA	70	0.008
cinA	82	0.056
cinA	99	0.008
cinA	101	0.008
cinA	135	0.008
cinA	136	0.032
cinA	143	0.014
cinA	145	0.008
cinA	155	0.008
cinA	173	0.008
cinA	181	0.008
cinA	191	0.008
cinA	196	0.008
cinA	244	0.032
cinA	266	0.008
cinA	293	0.008
cinA	306	0.008
cinA	327	0.008
cinA	342	0.008
cinA	345	0.008
cinA	353	0.008
cinA	356	0.008
cinA	363	0.008
cinA	381	0.008
cinA	413	0.008
cinA	430	0.008
cinA	431	0.008
katG	1	0.008
katG	6	0.008
katG	16	0.008
katG	17	0.008
katG	19	0.026
katG	28	0.008
katG	30	0.008
katG	56	0.008
katG	92	0.008
katG	98	0.008
katG	109	0.008
katG	124	0.008
katG	131	0.008
katG	138	0.008
katG	162	0.008
katG	183	0.008
katG	191	0.022
katG	194	0.008
katG	233	0.016
katG	234	0.008
katG	237	0.008
katG	242	0.008
katG	260	0.008
katG	285	0.008
katG	290	0.008
katG	297	0.008
katG	308	0.008
katG	315	0.418
katG	335	0.008
katG	337	0.008
katG	392	0.008
katG	414	0.008
katG	434	0.008
katG	458	0.008
katG	461	0.022
katG	462	0.008
katG	463	0.690
katG	469	0.032
katG	522	0.008
katG	527	0.008
katG	533	0.008
katG	537	0.008
katG	551	0.008
katG	565	0.008
katG	624	0.008
katG	625	0.008
katG	627	0.008
katG	630	0.008
katG	660	0.008
katG	668	0.008
katG	675	0.008
katG	681	0.008
katG	700	0.008
furA	8	0.008
furA	14	0.008
furA	17	0.008
furA	27	0.008
furA	43	0.014
furA	62	0.008
furA	64	0.008
furA	65	0.008
furA	116	0.008
mce3D	7	0.014
mce3D	10	0.008
mce3D	13	0.008
mce3D	16	0.008
mce3D	37	0.008
mce3D	114	0.008
mce3D	158	0.008
mce3D	159	0.008
mce3D	172	0.026
mce3D	181	0.098
mce3D	190	0.008
mce3D	191	0.008
mce3D	202	0.014
mce3D	265	0.008
mce3D	287	0.008
mce3D	297	0.008
mce3D	302	0.008
mce3D	324	0.008
mce3D	354	0.008
mce3D	375	0.008
mce3D	384	0.020
mce3D	389	0.020
mce3D	408	0.008
mce3D	419	0.008
pncA	4	0.008
pncA	6	0.008
pncA	8	0.008
pncA	10	0.034
pncA	35	0.026
pncA	41	0.008
pncA	46	0.014
pncA	51	0.016
pncA	57	0.188
pncA	58	0.008
pncA	60	0.008
pncA	62	0.014
pncA	63	0.008
pncA	65	0.008
pncA	66	0.008
pncA	67	0.008
pncA	68	0.016
pncA	69	0.014
pncA	71	0.024
pncA	76	0.032
pncA	79	0.008
pncA	81	0.008
pncA	85	0.008
pncA	87	0.008
pncA	93	0.008
pncA	94	0.008
pncA	100	0.008
pncA	102	0.008
pncA	103	0.014
pncA	104	0.008
pncA	107	0.008
pncA	120	0.008
pncA	125	0.020
pncA	129	0.008
pncA	132	0.014
pncA	133	0.008
pncA	135	0.008
pncA	137	0.008
pncA	138	0.008
pncA	139	0.008
pncA	141	0.016
pncA	142	0.016
pncA	168	0.008
pncA	172	0.008
pncA	173	0.008
pncA	175	0.008
pncA	180	0.008
blaC	12	0.008
blaC	20	0.008
blaC	29	0.016
blaC	49	0.008
blaC	87	0.008
blaC	88	0.008
blaC	98	0.008
blaC	111	0.014
blaC	119	0.008
blaC	150	0.008
blaC	164	0.008
blaC	190	0.014
blaC	191	0.008
blaC	194	0.008
blaC	207	0.008
blaC	215	0.008
blaC	220	0.008
blaC	222	0.008
blaC	247	0.008
blaC	292	0.008
sigC	5	0.008
sigC	20	0.008
sigC	32	0.008
sigC	42	0.008
sigC	107	0.008
sigC	129	0.069
sigC	130	0.008
sigC	133	0.008
Rv2077c	7	0.008
Rv2077c	21	0.008
Rv2077c	25	0.008
Rv2077c	35	0.008
Rv2077c	41	0.008
Rv2077c	52	0.008
Rv2077c	59	0.008
Rv2077c	61	0.008
Rv2077c	76	0.008
Rv2077c	94	0.016
Rv2077c	110	0.014
Rv2077c	122	0.008
Rv2077c	127	0.008
Rv2077c	147	0.008
Rv2077c	162	0.008
Rv2077c	164	0.032
Rv2077c	181	0.020
Rv2077c	191	0.032
Rv2077c	196	0.026
Rv2077c	201	0.008
Rv2077c	236	0.016
Rv2077c	247	0.008
Rv2077c	263	0.008
Rv2077c	278	0.008
Rv2077c	284	0.008
Rv2077c	303	0.008
Rv2077c	315	0.032
Rv2077c	324	0.065
lppJ	1	0.016
lppJ	9	0.008
lppJ	21	0.008
lppJ	23	0.277
lppJ	32	0.008
lppJ	33	0.008
lppJ	40	0.008
lppJ	45	0.008
lppJ	72	0.008
lppJ	81	0.014
lppJ	95	0.008
lppJ	109	0.008
lppJ	114	0.008
lppJ	126	0.008
lppJ	131	0.008
lppJ	157	0.008
lppJ	161	0.008
murD	5	0.014
murD	7	0.008
murD	43	0.008
murD	55	0.020
murD	66	0.008
murD	76	0.069
murD	80	0.387
murD	197	0.008
murD	229	0.014
murD	247	0.069
murD	263	0.020
murD	273	0.026
murD	275	0.008
murD	298	0.014
murD	304	0.008
murD	319	0.008
murD	404	0.056
murD	407	0.008
murD	416	0.008
murD	420	0.008
murD	429	0.008
murD	443	0.008
murD	469	0.090
cobS	13	0.008
cobS	28	0.014
cobS	30	0.008
cobS	32	0.008
cobS	127	0.008
cobS	135	0.020
cobS	155	0.584
cobS	216	0.008
Rv2209	23	0.008
Rv2209	54	0.008
Rv2209	69	0.008
Rv2209	73	0.008
Rv2209	78	0.047
Rv2209	96	0.008
Rv2209	114	0.008
Rv2209	135	0.008
Rv2209	138	0.014
Rv2209	161	0.074
Rv2209	204	0.008
Rv2209	218	0.008
Rv2209	283	0.014
Rv2209	285	0.032
Rv2209	286	0.032
Rv2209	291	0.110
Rv2209	306	0.008
Rv2209	323	0.020
Rv2209	324	0.008
Rv2209	336	0.008
Rv2209	381	0.008
Rv2209	393	0.008
Rv2209	397	0.008
Rv2209	398	0.008
Rv2209	424	0.008
Rv2209	429	0.078
Rv2209	432	0.008
Rv2209	446	0.008
Rv2209	451	0.008
Rv2209	454	0.008
Rv2209	459	0.008
Rv2209	463	0.008
Rv2209	471	0.032
Rv2209	472	0.020
dlaT	34	0.008
dlaT	76	0.008
dlaT	89	0.008
dlaT	91	0.008
dlaT	94	0.008
dlaT	115	0.008
dlaT	139	0.008
dlaT	169	0.026
dlaT	170	0.008
dlaT	190	0.008
dlaT	231	0.008
dlaT	293	0.008
dlaT	338	0.020
dlaT	346	0.008
dlaT	353	0.008
dlaT	365	0.008
dlaT	369	0.008
dlaT	411	0.008
dlaT	415	0.016
dlaT	443	0.008
dlaT	498	0.008
dlaT	517	0.008
dlaT	531	0.008
dlaT	539	0.014
kasA	12	0.008
kasA	35	0.014
kasA	86	0.008
kasA	127	0.008
kasA	141	0.008
kasA	253	0.008
kasA	269	0.135
kasA	289	0.008
kasA	298	0.008
kasA	304	0.008
kasA	312	0.026
kasA	413	0.014
mazF8	6	0.008
mazF8	33	0.192
mazF8	41	0.359
mazF8	43	0.008
mazF8	60	0.008
mazF8	81	0.008
mazF8	88	0.008
mazF8	99	0.008
mazF8	105	0.008
yjcE	1	0.008
yjcE	6	0.008
yjcE	17	0.008
yjcE	33	0.008
yjcE	50	0.008
yjcE	51	0.008
yjcE	64	0.008
yjcE	90	0.008
yjcE	124	0.008
yjcE	140	0.008
yjcE	173	0.008
yjcE	201	0.008
yjcE	210	0.008
yjcE	211	0.008
yjcE	231	0.008
yjcE	241	0.020
yjcE	247	0.008
yjcE	307	0.008
yjcE	317	0.008
yjcE	342	0.008
yjcE	367	0.008
yjcE	419	0.008
yjcE	443	0.008
yjcE	449	0.008
yjcE	454	0.008
yjcE	490	0.008
yjcE	493	0.008
yjcE	517	0.008
yjcE	520	0.090
Rv2314c	50	0.008
Rv2314c	62	0.032
Rv2314c	83	0.008
Rv2314c	117	0.008
Rv2314c	137	0.008
Rv2314c	140	0.008
Rv2314c	154	0.008
Rv2314c	163	0.008
Rv2314c	183	0.008
Rv2314c	190	0.008
Rv2314c	193	0.008
Rv2314c	215	0.008
Rv2314c	247	0.008
Rv2314c	258	0.020
Rv2314c	272	0.008
Rv2314c	282	0.008
Rv2314c	285	0.008
Rv2314c	288	0.008
Rv2314c	373	0.008
Rv2314c	384	0.008
Rv2314c	419	0.008
Rv2314c	445	0.032
Rv2314c	454	0.008
Rv2314c	455	0.008
lppQ	4	0.008
lppQ	28	0.008
lppQ	38	0.008
lppQ	60	0.008
lppQ	65	0.008
lppQ	66	0.008
lppQ	68	0.090
lppQ	85	0.014
lppQ	110	0.008
lppQ	123	0.014
lppQ	128	0.008
lppQ	136	0.008
eis	2	0.008
eis	8	0.008
eis	10	0.008
eis	49	0.008
eis	50	0.008
eis	68	0.008
eis	70	0.145
eis	86	0.008
eis	106	0.008
eis	111	0.008
eis	131	0.008
eis	135	0.016
eis	136	0.008
eis	163	0.042
eis	170	0.008
eis	182	0.008
eis	183	0.008
eis	189	0.008
eis	194	0.008
eis	222	0.008
eis	223	0.008
eis	242	0.008
eis	243	0.008
eis	251	0.008
eis	270	0.008
eis	277	0.008
eis	285	0.008
eis	287	0.008
eis	336	0.016
eis	342	0.016
eis	386	0.008
Rv2417c	7	0.008
Rv2417c	15	0.008
Rv2417c	40	0.008
Rv2417c	78	0.008
Rv2417c	103	0.008
Rv2417c	113	0.014
Rv2417c	138	0.008
Rv2417c	161	0.008
Rv2417c	177	0.008
Rv2417c	192	0.008
Rv2417c	254	0.008
proA	17	0.008
proA	47	0.008
proA	140	0.008
proA	196	0.008
proA	222	0.008
proA	231	0.008
proA	235	0.014
proA	254	0.008
proA	279	0.008
proA	294	0.008
proA	327	0.008
proA	383	0.090
ahpC	1	0.008
ahpC	44	0.020
ahpC	45	0.008
ahpC	79	0.008
ahpC	105	0.008
ahpC	139	0.008
ahpC	178	0.008
ahpC	182	0.008
ahpC	191	0.008
rbsK	15	0.008
rbsK	24	0.008
rbsK	28	0.008
rbsK	33	0.008
rbsK	50	0.008
rbsK	75	0.008
rbsK	86	0.008
rbsK	113	0.008
rbsK	131	0.008
rbsK	149	0.008
rbsK	150	0.014
rbsK	151	0.014
rbsK	152	0.014
rbsK	153	0.014
rbsK	174	0.008
rbsK	183	0.008
rbsK	217	0.008
rbsK	241	0.008
rbsK	255	0.008
rbsK	263	0.020
rbsK	269	0.008
rbsK	271	0.020
rbsK	273	0.008
rbsK	274	0.181
folC	22	0.008
folC	32	0.008
folC	40	0.008
folC	43	0.022
folC	68	0.008
folC	84	0.008
folC	90	0.020
folC	98	0.008
folC	135	0.022
folC	147	0.008
folC	150	0.008
folC	193	0.026
folC	202	0.008
folC	207	0.008
folC	227	0.008
folC	230	0.008
folC	247	0.014
folC	259	0.008
folC	266	0.008
folC	286	0.008
folC	297	0.008
folC	308	0.008
folC	333	0.008
folC	343	0.020
folC	371	0.008
folC	385	0.008
folC	403	0.032
folC	420	0.026
folC	444	0.008
folC	447	0.008
folC	452	0.014
folC	477	0.008
vapC39	13	0.008
vapC39	29	0.008
vapC39	31	0.008
vapC39	47	0.008
vapC39	96	0.008
Rv2729c	18	0.008
Rv2729c	21	0.008
Rv2729c	40	0.008
Rv2729c	41	0.181
Rv2729c	59	0.069
Rv2729c	60	0.008
Rv2729c	68	0.008
Rv2729c	80	0.008
Rv2729c	86	0.008
Rv2729c	89	0.014
Rv2729c	103	0.008
Rv2729c	108	0.020
Rv2729c	114	0.008
Rv2729c	148	0.008
Rv2729c	160	0.008
Rv2729c	172	0.008
Rv2729c	186	0.008
Rv2729c	187	0.008
Rv2729c	188	0.008
Rv2729c	202	0.400
Rv2729c	217	0.026
Rv2729c	218	0.014
Rv2729c	228	0.008
Rv2729c	235	0.008
Rv2729c	237	0.008
Rv2729c	238	0.008
Rv2729c	245	0.014
Rv2729c	249	0.008
Rv2729c	266	0.184
Rv2729c	268	0.008
Rv2729c	272	0.008
Rv2729c	278	0.008
Rv2729c	280	0.008
Rv2729c	297	0.008
Rv2733c	2	0.008
Rv2733c	8	0.008
Rv2733c	39	0.008
Rv2733c	60	0.051
Rv2733c	78	0.008
Rv2733c	119	0.008
Rv2733c	130	0.008
Rv2733c	136	0.008
Rv2733c	151	0.008
Rv2733c	163	0.008
Rv2733c	189	0.008
Rv2733c	231	0.008
Rv2733c	262	0.008
Rv2733c	269	0.008
Rv2733c	276	0.008
Rv2733c	289	0.008
Rv2733c	309	0.008
Rv2733c	337	0.047
Rv2733c	359	0.008
Rv2733c	360	0.014
Rv2733c	399	0.008
Rv2733c	417	0.008
Rv2733c	464	0.014
Rv2733c	474	0.008
Rv2733c	505	0.008
Rv2734	66	0.008
Rv2734	67	0.026
Rv2734	139	0.008
Rv2734	148	0.008
Rv2734	150	0.008
Rv2734	180	0.008
Rv2734	225	0.008
Rv2734	259	0.008
Rv2734	266	0.032
Rv2734	278	0.008
Rv2752c	5	0.008
Rv2752c	29	0.008
Rv2752c	30	0.014
Rv2752c	31	0.032
Rv2752c	35	0.008
Rv2752c	37	0.008
Rv2752c	68	0.008
Rv2752c	81	0.008
Rv2752c	91	0.020
Rv2752c	101	0.008
Rv2752c	102	0.008
Rv2752c	107	0.008
Rv2752c	121	0.008
Rv2752c	123	0.032
Rv2752c	130	0.008
Rv2752c	132	0.008
Rv2752c	137	0.008
Rv2752c	161	0.016
Rv2752c	181	0.008
Rv2752c	191	0.008
Rv2752c	218	0.014
Rv2752c	223	0.008
Rv2752c	231	0.008
Rv2752c	243	0.008
Rv2752c	247	0.008
Rv2752c	256	0.008
Rv2752c	274	0.008
Rv2752c	287	0.008
Rv2752c	296	0.074
Rv2752c	300	0.014
Rv2752c	305	0.008
Rv2752c	342	0.008
Rv2752c	357	0.008
Rv2752c	378	0.008
Rv2752c	435	0.032
Rv2752c	437	0.008
Rv2752c	447	0.014
Rv2752c	448	0.008
Rv2752c	449	0.008
Rv2752c	457	0.008
Rv2752c	458	0.008
Rv2752c	459	0.008
Rv2752c	461	0.008
Rv2752c	463	0.008
Rv2752c	488	0.008
Rv2752c	512	0.008
Rv2752c	532	0.008
Rv2752c	533	0.014
Rv2752c	549	0.008
Rv2752c	551	0.016
Rv2752c	559	0.016
thyX	45	0.032
thyX	125	0.008
thyX	145	0.008
thyX	152	0.014
thyX	158	0.078
thyX	160	0.008
thyX	199	0.008
thyX	220	0.008
thyX	221	0.008
thyX	231	0.008
hsdS	25	0.316
hsdS	33	0.008
hsdS	41	0.008
hsdS	46	0.008
hsdS	50	0.008
hsdS	60	0.008
hsdS	63	0.008
hsdS	113	0.008
hsdS	119	0.259
hsdS	121	0.008
hsdS	122	0.008
hsdS	148	0.008
hsdS	152	0.008
hsdS	155	0.008
hsdS	160	0.014
hsdS	198	0.008
hsdS	210	0.008
hsdS	228	0.008
hsdS	242	0.008
hsdS	269	0.008
hsdS	327	0.016
hsdS	331	0.008
hsdS	351	0.008
hsdS	352	0.008
hsdS	365	0.008
thyA	16	0.008
thyA	32	0.008
thyA	36	0.008
thyA	39	0.008
thyA	84	0.008
thyA	103	0.008
thyA	117	0.008
thyA	127	0.008
thyA	139	0.008
thyA	158	0.008
thyA	164	0.008
thyA	165	0.014
thyA	189	0.008
thyA	201	0.008
thyA	202	0.464
thyA	204	0.008
thyA	260	0.008
thyA	263	0.008
Rv2765	8	0.008
Rv2765	29	0.020
Rv2765	40	0.008
Rv2765	80	0.061
Rv2765	102	0.016
Rv2765	121	0.008
Rv2765	124	0.008
Rv2765	129	0.008
Rv2765	137	0.008
Rv2765	169	0.008
Rv2765	199	0.008
Rv2765	212	0.008
Rv2771c	29	0.008
Rv2771c	40	0.008
Rv2771c	49	0.008
Rv2771c	80	0.032
Rv2771c	129	0.008
Rv2771c	130	0.008
Rv2771c	149	0.008
pks15	1	0.008
pks15	15	0.014
pks15	34	0.014
pks15	70	0.008
pks15	86	0.008
pks15	96	0.008
pks15	140	0.008
pks15	142	0.008
pks15	146	0.008
pks15	163	0.008
pks15	182	0.008
pks15	195	0.008
pks15	202	0.008
pks15	203	0.020
pks15	214	0.008
pks15	220	0.008
pks15	228	0.008
pks15	240	0.008
pks15	263	0.008
pks15	270	0.008
pks15	290	0.110
pks15	302	0.026
pks15	303	0.026
pks15	304	0.026
pks15	306	0.008
pks15	317	0.008
pks15	329	0.008
pks15	374	0.586
pks15	405	0.008
pks15	419	0.008
pks15	424	0.008
pks15	468	0.008
pks15	483	0.008
pks15	487	0.008
pks15	491	0.008
pks15	492	0.008
pks15	493	0.008
pks15	497	0.008
esxQ	7	0.008
esxQ	22	0.008
esxQ	40	0.008
esxQ	56	0.008
esxQ	70	0.008
esxQ	75	0.008
esxQ	96	0.008
esxQ	97	0.008
esxQ	103	0.008
esxQ	108	0.008
esxQ	114	0.008
esxR	5	0.008
esxR	17	0.008
esxR	19	0.008
esxR	22	0.008
esxR	31	0.008
esxR	57	0.008
esxR	58	0.377
esxR	65	0.008
esxR	71	0.008
esxR	94	0.042
esxS	22	0.008
esxS	23	0.008
esxS	48	0.008
esxS	67	0.008
esxS	68	0.008
esxS	73	0.008
esxS	79	0.014
esxS	81	0.008
Rv3067	3	0.008
Rv3067	10	0.020
Rv3067	12	0.008
Rv3067	15	0.016
Rv3067	34	0.008
Rv3067	48	0.008
Rv3067	55	0.008
Rv3067	68	0.008
Rv3067	76	0.032
Rv3067	117	0.008
Rv3067	123	0.008
Rv3071	17	0.008
Rv3071	52	0.008
Rv3071	57	0.008
Rv3071	82	0.008
Rv3071	118	0.008
Rv3071	125	0.008
Rv3071	131	0.008
Rv3071	151	0.032
Rv3071	168	0.014
Rv3071	170	0.008
Rv3071	175	0.008
Rv3071	208	0.008
Rv3071	217	0.008
Rv3071	232	0.008
Rv3071	266	0.008
Rv3071	282	0.026
Rv3071	298	0.008
Rv3071	341	0.008
Rv3071	356	0.020
Rv3087	11	0.008
Rv3087	41	0.008
Rv3087	57	0.014
Rv3087	63	0.008
Rv3087	77	0.008
Rv3087	87	0.008
Rv3087	93	0.014
Rv3087	98	0.008
Rv3087	113	0.042
Rv3087	128	0.008
Rv3087	148	0.008
Rv3087	153	0.474
Rv3087	158	0.061
Rv3087	187	0.008
Rv3087	199	0.008
Rv3087	224	0.008
Rv3087	230	0.026
Rv3087	247	0.008
Rv3087	289	0.008
Rv3087	290	0.032
Rv3087	305	0.008
Rv3087	403	0.016
Rv3087	417	0.008
Rv3087	441	0.008
Rv3087	447	0.690
Rv3087	449	0.008
Rv3087	454	0.008
Rv3087	462	0.008
Rv3090	27	0.014
Rv3090	36	0.008
Rv3090	44	0.008
Rv3090	52	0.008
Rv3090	71	0.190
Rv3090	86	0.020
Rv3090	94	0.120
Rv3090	142	0.008
Rv3090	143	0.008
Rv3090	150	0.051
Rv3090	174	0.008
Rv3090	188	0.008
Rv3090	199	0.008
Rv3090	213	0.008
Rv3090	244	0.008
Rv3090	288	0.008
Rv3090	291	0.259
cyp141	21	0.008
cyp141	23	0.008
cyp141	26	0.008
cyp141	54	0.008
cyp141	60	0.008
cyp141	73	0.014
cyp141	89	0.014
cyp141	93	0.026
cyp141	99	0.008
cyp141	114	0.008
cyp141	118	0.008
cyp141	152	0.008
cyp141	157	0.074
cyp141	161	0.008
cyp141	193	0.008
cyp141	213	0.008
cyp141	217	0.008
cyp141	262	0.008
cyp141	263	0.008
cyp141	265	0.008
cyp141	288	0.008
cyp141	319	0.008
cyp141	336	0.008
cyp141	343	0.008
cyp141	385	0.008
cyp141	400	0.078
cyp141	401	0.008
Rv3210c	25	0.047
Rv3210c	85	0.008
rhlE	3	0.008
rhlE	6	0.008
rhlE	17	0.056
rhlE	49	0.142
rhlE	66	0.008
rhlE	75	0.008
rhlE	84	0.008
rhlE	107	0.008
rhlE	117	0.008
rhlE	151	0.008
rhlE	154	0.014
rhlE	161	0.008
rhlE	194	0.008
rhlE	227	0.008
rhlE	267	0.008
rhlE	268	0.008
rhlE	285	0.008
rhlE	307	0.008
rhlE	325	0.008
rhlE	334	0.008
rhlE	349	0.008
rhlE	353	0.014
rhlE	361	0.008
rhlE	364	0.008
rhlE	369	0.014
rhlE	416	0.008
rhlE	434	0.008
rhlE	449	0.086
rhlE	470	0.008
rhlE	508	0.008
rhlE	525	0.008
mtrB	11	0.008
mtrB	18	0.321
mtrB	48	0.008
mtrB	169	0.008
mtrB	460	0.008
mtrB	517	0.464
mtrB	529	0.008
whiB2	15	0.008
whiB2	18	0.008
whiB2	31	0.016
whiB2	48	0.014
fbiA	58	0.008
fbiA	74	0.008
fbiA	78	0.008
fbiA	139	0.008
fbiA	175	0.008
fbiA	178	0.008
fbiA	194	0.008
fbiA	199	0.008
fbiA	208	0.034
fbiA	241	0.008
fbiA	264	0.008
fbiA	302	0.026
fbiA	312	0.008
fbiA	321	0.008
esxT	17	0.008
esxT	24	0.037
esxT	35	0.008
esxT	54	0.008
esxT	68	0.008
esxT	88	0.008
esxU	3	0.008
esxU	13	0.014
esxU	21	0.008
esxU	31	0.008
esxU	40	0.008
esxU	43	0.259
esxU	53	0.008
esxU	62	0.020
esxU	79	0.008
infA	7	0.008
infA	10	0.008
infA	21	0.008
infA	60	0.008
Rv3463	36	0.008
Rv3463	38	0.008
Rv3463	44	0.008
Rv3463	67	0.008
Rv3463	88	0.008
Rv3463	94	0.379
Rv3463	104	0.014
Rv3463	116	0.008
Rv3463	143	0.014
Rv3463	165	0.008
Rv3463	192	0.047
Rv3463	195	0.008
Rv3463	196	0.008
Rv3463	223	0.016
Rv3463	251	0.008
Rv3463	265	0.008
Rv3463	273	0.008
Rv3463	280	0.008
Rv3463	282	0.008
fadA5	6	0.142
fadA5	12	0.008
fadA5	46	0.008
fadA5	48	0.008
fadA5	83	0.008
fadA5	136	0.008
fadA5	160	0.008
fadA5	205	0.014
fadA5	212	0.008
fadA5	214	0.008
fadA5	275	0.008
fadA5	302	0.008
fadA6	29	0.008
fadA6	40	0.008
fadA6	75	0.008
fadA6	129	0.037
fadA6	130	0.008
fadA6	149	0.008
fadA6	166	0.008
fadA6	187	0.008
fadA6	192	0.008
fadA6	208	0.020
fadA6	239	0.008
fadA6	242	0.008
fadA6	290	0.008
fadA6	292	0.008
fadA6	318	0.008
fadA6	336	0.008
fadE33	7	0.008
fadE33	30	0.051
fadE33	43	0.008
fadE33	97	0.008
fadE33	115	0.086
fadE33	135	0.008
fadE33	140	0.008
fadE33	151	0.008
fadE33	169	0.008
fadE33	182	0.008
fadE33	187	0.008
fadE33	206	0.042
fadE33	246	0.008
fadE33	271	0.008
fadE33	301	0.008
fadE33	317	0.008
Rv3651	16	0.008
Rv3651	17	0.008
Rv3651	20	0.037
Rv3651	39	0.008
Rv3651	45	0.008
Rv3651	81	0.008
Rv3651	109	0.008
Rv3651	121	0.008
Rv3651	173	0.008
Rv3651	179	0.259
Rv3651	192	0.008
Rv3651	195	0.008
Rv3651	224	0.008
Rv3651	251	0.020
Rv3651	277	0.042
Rv3651	279	0.020
Rv3651	308	0.008
Rv3651	312	0.008
Rv3651	317	0.008
Rv3651	331	0.008
Rv3651	332	0.008
dnaQ	13	0.008
dnaQ	14	0.008
dnaQ	15	0.020
dnaQ	18	0.008
dnaQ	20	0.158
dnaQ	24	0.032
dnaQ	41	0.008
dnaQ	67	0.008
dnaQ	76	0.690
dnaQ	88	0.047
dnaQ	101	0.008
dnaQ	148	0.008
dnaQ	151	0.014
dnaQ	156	0.008
dnaQ	164	0.581
dnaQ	196	0.008
dnaQ	211	0.069
dnaQ	215	0.008
dnaQ	216	0.008
dnaQ	217	0.008
dnaQ	218	0.008
dnaQ	267	0.026
dnaQ	276	0.047
dnaQ	293	0.008
dnaQ	301	0.008
dnaQ	311	0.008
dnaQ	321	0.008
proZ	16	0.008
proZ	30	0.008
proZ	34	0.008
proZ	35	0.008
proZ	64	0.008
proZ	82	0.008
proZ	113	0.008
tcrX	10	0.014
tcrX	29	0.008
tcrX	41	0.008
tcrX	53	0.008
tcrX	60	0.008
tcrX	75	0.008
tcrX	92	0.008
tcrX	109	0.008
tcrX	113	0.008
tcrX	158	0.069
tcrX	175	0.008
tcrX	176	0.008
tcrX	189	0.008
tcrX	198	0.008
Rv3766	2	0.022
Rv3766	9	0.008
Rv3766	15	0.008
Rv3766	23	0.008
Rv3766	24	0.008
Rv3766	47	0.014
Rv3766	55	0.008
Rv3766	56	0.008
Rv3766	79	0.008
Rv3766	82	0.008
Rv3766	89	0.008
Rv3766	92	0.008
Rv3766	94	0.008
Rv3766	96	0.008
Rv3766	106	0.008
Rv3766	117	0.008
Rv3766	119	0.008
Rv3766	120	0.008
Rv3766	122	0.020
Rv3766	125	0.008
Rv3766	127	0.008
Rv3766	132	0.008
Rv3766	142	0.008
Rv3766	156	0.008
Rv3766	169	0.008
Rv3766	181	0.293
Rv3766	183	0.051
Rv3766	193	0.008
Rv3766	194	0.008
Rv3766	197	0.008
Rv3766	202	0.008
Rv3766	204	0.008
Rv3766	209	0.014
Rv3766	225	0.008
embC	9	0.022
embC	28	0.008
embC	104	0.032
embC	113	0.008
embC	165	0.008
embC	169	0.008
embC	186	0.008
embC	221	0.008
embC	225	0.008
embC	232	0.008
embC	237	0.020
embC	246	0.008
embC	270	0.595
embC	303	0.008
embC	307	0.026
embC	335	0.008
embC	337	0.008
embC	354	0.008
embC	363	0.008
embC	394	0.455
embC	411	0.008
embC	491	0.008
embC	535	0.008
embC	543	0.008
embC	558	0.008
embC	567	0.051
embC	573	0.008
embC	606	0.008
embC	613	0.008
embC	618	0.008
embC	647	0.008
embC	661	0.110
embC	681	0.008
embC	690	0.008
embC	695	0.008
embC	705	0.008
embC	706	0.008
embC	711	0.008
embC	727	0.008
embC	738	0.267
embC	766	0.008
embC	772	0.008
embC	774	0.065
embC	775	0.008
embC	791	0.008
embC	805	0.008
embC	813	0.008
embC	833	0.008
embC	874	0.008
embC	875	0.014
embC	879	0.014
embC	908	0.008
embC	911	0.008
embC	927	0.102
embC	940	0.047
embC	941	0.008
embC	981	0.387
embC	982	0.008
embC	1001	0.008
embC	1015	0.008
embC	1020	0.008
embC	1044	0.008
embC	1061	0.008
embC	1072	0.008
embC	1073	0.008
embA	5	0.008
embA	31	0.008
embA	54	0.008
embA	63	0.008
embA	98	0.008
embA	113	0.026
embA	137	0.008
embA	157	0.008
embA	201	0.008
embA	206	0.355
embA	232	0.008
embA	233	0.008
embA	246	0.008
embA	249	0.008
embA	306	0.008
embA	308	0.032
embA	312	0.026
embA	329	0.008
embA	335	0.014
embA	344	0.008
embA	352	0.008
embA	363	0.008
embA	373	0.008
embA	383	0.110
embA	406	0.008
embA	458	0.008
embA	468	0.090
embA	531	0.008
embA	536	0.008
embA	598	0.008
embA	608	0.032
embA	639	0.090
embA	645	0.016
embA	689	0.008
embA	697	0.014
embA	698	0.008
embA	700	0.008
embA	705	0.008
embA	779	0.008
embA	813	0.020
embA	853	0.008
embA	865	0.008
embA	884	0.020
embA	899	0.008
embA	901	0.008
embA	913	0.461
embA	954	0.008
embA	961	0.008
embA	983	0.008
embA	998	0.008
embA	1004	0.008
embA	1008	0.008
embA	1014	0.008
embA	1015	0.020
embA	1030	0.008
embA	1033	0.008
embA	1050	0.008
embA	1085	0.008
embB	10	0.008
embB	13	0.181
embB	14	0.008
embB	16	0.008
embB	60	0.008
embB	93	0.008
embB	103	0.008
embB	119	0.008
embB	139	0.020
embB	156	0.020
embB	193	0.008
embB	211	0.008
embB	213	0.008
embB	232	0.008
embB	259	0.008
embB	263	0.008
embB	266	0.008
embB	275	0.008
embB	283	0.008
embB	285	0.008
embB	306	0.289
embB	311	0.008
embB	319	0.008
embB	328	0.008
embB	340	0.008
embB	354	0.020
embB	378	0.582
embB	379	0.016
embB	397	0.008
embB	405	0.008
embB	406	0.045
embB	409	0.008
embB	423	0.026
embB	425	0.008
embB	456	0.008
embB	468	0.008
embB	497	0.074
embB	504	0.016
embB	510	0.008
embB	547	0.014
embB	569	0.008
embB	570	0.008
embB	602	0.008
embB	603	0.008
embB	606	0.008
embB	628	0.008
embB	632	0.008
embB	665	0.008
embB	668	0.008
embB	676	0.008
embB	680	0.008
embB	681	0.008
embB	683	0.008
embB	686	0.008
embB	688	0.008
embB	731	0.008
embB	805	0.008
embB	817	0.008
embB	836	0.008
embB	856	0.008
embB	882	0.008
embB	1002	0.014
embB	1004	0.008
embB	1011	0.008
embB	1024	0.026
embB	1037	0.008
embB	1046	0.008
embB	1047	0.008
embB	1054	0.014
embB	1082	0.008
atsH	1	0.008
atsH	5	0.008
atsH	6	0.008
atsH	26	0.008
atsH	28	0.008
atsH	37	0.008
atsH	45	0.008
atsH	49	0.014
atsH	56	0.014
atsH	75	0.008
atsH	101	0.008
atsH	112	0.008
atsH	118	0.008
atsH	123	0.008
atsH	127	0.008
atsH	132	0.008
atsH	151	0.008
atsH	160	0.008
atsH	173	0.020
atsH	187	0.008
atsH	207	0.082
atsH	214	0.008
atsH	217	0.008
atsH	219	0.008
atsH	220	0.008
atsH	225	0.008
atsH	227	0.008
atsH	244	0.008
atsH	257	0.008
atsH	262	0.008
atsH	289	0.056
atsH	299	0.008
atsH	312	0.020
atsH	320	0.184
atsH	325	0.008
atsH	328	0.008
atsH	340	0.008
atsH	363	0.020
fadE35	1	0.090
fadE35	24	0.008
fadE35	25	0.008
fadE35	28	0.008
fadE35	30	0.008
fadE35	40	0.008
fadE35	77	0.008
fadE35	79	0.008
fadE35	90	0.008
fadE35	100	0.008
fadE35	121	0.008
fadE35	145	0.008
fadE35	149	0.008
fadE35	153	0.032
fadE35	231	0.008
fadE35	238	0.142
fadE35	245	0.008
fadE35	274	0.008
fadE35	275	0.008
fadE35	277	0.008
fadE35	283	0.032
fadE35	304	0.008
fadE35	328	0.359
fadE35	346	0.008
fadE35	353	0.008
fadE35	362	0.008
fadE35	374	0.008
fadE35	392	0.008
fadE35	409	0.008
fadE35	417	0.008
fadE35	427	0.008
fadE35	441	0.008
fadE35	482	0.008
fadE35	488	0.008
fadE35	492	0.008
fadE35	499	0.008
fadE35	525	0.008
fadE35	538	0.016
fadE35	553	0.008
fadE35	554	0.008
fadE35	560	0.008
fadE35	561	0.008
fadE35	594	0.008
ubiA	12	0.008
ubiA	21	0.008
ubiA	41	0.008
ubiA	49	0.008
ubiA	106	0.008
ubiA	122	0.020
ubiA	149	0.581
ubiA	173	0.020
ubiA	176	0.008
ubiA	177	0.008
ubiA	180	0.016
ubiA	229	0.016
ubiA	237	0.008
ubiA	268	0.026
pks2	9	0.016
pks2	28	0.014
pks2	31	0.187
pks2	35	0.008
pks2	43	0.008
pks2	59	0.008
pks2	78	0.008
pks2	84	0.008
pks2	97	0.008
pks2	99	0.008
pks2	114	0.008
pks2	125	0.008
pks2	130	0.008
pks2	132	0.008
pks2	144	0.042
pks2	153	0.008
pks2	174	0.008
pks2	203	0.008
pks2	205	0.008
pks2	220	0.008
pks2	224	0.008
pks2	237	0.230
pks2	280	0.008
pks2	290	0.008
pks2	305	0.008
pks2	335	0.008
pks2	341	0.008
pks2	354	0.008
pks2	388	0.008
pks2	389	0.008
pks2	396	0.008
pks2	404	0.008
pks2	406	0.078
pks2	418	0.008
pks2	462	0.008
pks2	484	0.008
pks2	492	0.008
pks2	495	0.008
pks2	501	0.008
pks2	529	0.008
pks2	579	0.008
pks2	590	0.008
pks2	598	0.008
pks2	605	0.090
pks2	608	0.008
pks2	627	0.008
pks2	660	0.008
pks2	668	0.008
pks2	672	0.106
pks2	674	0.008
pks2	678	0.008
pks2	700	0.008
pks2	705	0.008
pks2	723	0.008
pks2	728	0.008
pks2	739	0.008
pks2	766	0.008
pks2	769	0.008
pks2	771	0.008
pks2	807	0.014
pks2	809	0.026
pks2	829	0.014
pks2	833	0.142
pks2	851	0.008
pks2	889	0.008
pks2	920	0.008
pks2	926	0.008
pks2	932	0.008
pks2	954	0.020
pks2	956	0.008
pks2	959	0.008
pks2	976	0.008
pks2	992	0.008
pks2	1004	0.008
pks2	1013	0.026
pks2	1018	0.008
pks2	1019	0.008
pks2	1044	0.008
pks2	1055	0.008
pks2	1066	0.008
pks2	1085	0.008
pks2	1101	0.008
pks2	1104	0.032
pks2	1126	0.065
pks2	1139	0.008
pks2	1140	0.008
pks2	1167	0.008
pks2	1192	0.008
pks2	1205	0.008
pks2	1221	0.020
pks2	1265	0.008
pks2	1279	0.008
pks2	1295	0.008
pks2	1297	0.008
pks2	1301	0.008
pks2	1302	0.008
pks2	1303	0.008
pks2	1314	0.008
pks2	1331	0.008
pks2	1343	0.008
pks2	1380	0.008
pks2	1392	0.008
pks2	1401	0.008
pks2	1422	0.008
pks2	1429	0.008
pks2	1476	0.008
pks2	1491	0.008
pks2	1500	0.008
pks2	1501	0.008
pks2	1514	0.008
pks2	1575	0.008
pks2	1592	0.020
pks2	1609	0.008
pks2	1663	0.008
pks2	1688	0.008
pks2	1765	0.008
pks2	1768	0.008
pks2	1776	0.008
pks2	1794	0.008
pks2	1807	0.008
pks2	1811	0.034
pks2	1821	0.008
pks2	1822	0.008
pks2	1825	0.008
pks2	1826	0.008
pks2	1864	0.008
pks2	1871	0.008
pks2	1888	0.008
pks2	1891	0.020
pks2	1894	0.008
pks2	1940	0.014
pks2	1959	0.008
pks2	1963	0.008
pks2	1969	0.008
pks2	1982	0.008
pks2	1984	0.020
pks2	2012	0.008
pks2	2017	0.008
pks2	2064	0.008
pks2	2087	0.008
pks2	2123	0.008
ethA	12	0.008
ethA	16	0.008
ethA	22	0.008
ethA	25	0.008
ethA	31	0.008
ethA	33	0.014
ethA	40	0.008
ethA	42	0.016
ethA	43	0.008
ethA	55	0.008
ethA	56	0.014
ethA	60	0.016
ethA	79	0.008
ethA	80	0.008
ethA	82	0.008
ethA	124	0.090
ethA	141	0.008
ethA	144	0.032
ethA	145	0.008
ethA	160	0.008
ethA	165	0.008
ethA	194	0.008
ethA	196	0.008
ethA	199	0.008
ethA	204	0.008
ethA	205	0.008
ethA	211	0.008
ethA	239	0.008
ethA	240	0.008
ethA	246	0.008
ethA	247	0.008
ethA	254	0.008
ethA	266	0.065
ethA	270	0.008
ethA	271	0.008
ethA	286	0.008
ethA	303	0.008
ethA	314	0.008
ethA	329	0.008
ethA	334	0.032
ethA	337	0.110
ethA	339	0.008
ethA	343	0.008
ethA	345	0.190
ethA	348	0.032
ethA	351	0.008
ethA	359	0.014
ethA	375	0.008
ethA	376	0.008
ethA	379	0.008
ethA	390	0.008
ethA	391	0.008
ethA	395	0.008
ethA	400	0.008
ethA	405	0.008
ethA	413	0.008
ethA	415	0.008
ethA	416	0.008
ethA	423	0.008
ethA	441	0.008
ethA	447	0.008
ethA	449	0.008
ethA	451	0.008
ethA	452	0.008
ethA	453	0.022
ethA	469	0.008
ethA	484	0.102
whiB6	6	0.008
whiB6	7	0.008
whiB6	8	0.016
whiB6	17	0.040
whiB6	22	0.008
whiB6	24	0.008
whiB6	25	0.008
whiB6	27	0.020
whiB6	37	0.008
whiB6	40	0.008
whiB6	50	0.008
whiB6	51	0.037
whiB6	52	0.020
whiB6	53	0.008
whiB6	54	0.051
whiB6	62	0.008
whiB6	66	0.008
whiB6	74	0.008
whiB6	77	0.008
whiB6	78	0.008
whiB6	85	0.042
whiB6	88	0.008
whiB6	90	0.008
whiB6	94	0.090
whiB6	99	0.008
whiB6	102	0.008
whiB6	107	0.124
whiB6	112	0.008
whiB6	115	0.008
Rv3863	7	0.008
Rv3863	36	0.008
Rv3863	39	0.020
Rv3863	47	0.008
Rv3863	56	0.008
Rv3863	64	0.008
Rv3863	74	0.020
Rv3863	90	0.032
Rv3863	93	0.008
Rv3863	101	0.026
Rv3863	124	0.078
Rv3863	128	0.008
Rv3863	130	0.014
Rv3863	159	0.008
Rv3863	164	0.008
Rv3863	210	0.008
Rv3863	243	0.008
Rv3863	252	0.008
Rv3863	270	0.008
Rv3863	299	0.078
Rv3863	302	0.008
Rv3863	303	0.008
Rv3863	307	0.008
Rv3863	310	0.008
Rv3863	380	0.008
esxB	37	0.008
esxB	40	0.008
esxB	42	0.008
esxB	56	0.008
esxB	60	0.008
esxB	65	0.008
esxB	66	0.008
esxB	68	0.246
esxB	82	0.008
eccD1	11	0.014
eccD1	22	0.008
eccD1	27	0.016
eccD1	40	0.008
eccD1	45	0.098
eccD1	47	0.008
eccD1	60	0.008
eccD1	82	0.016
eccD1	105	0.207
eccD1	110	0.008
eccD1	112	0.008
eccD1	114	0.008
eccD1	125	0.056
eccD1	129	0.008
eccD1	132	0.014
eccD1	143	0.008
eccD1	182	0.020
eccD1	208	0.008
eccD1	224	0.016
eccD1	233	0.008
eccD1	240	0.014
eccD1	252	0.008
eccD1	257	0.014
eccD1	268	0.008
eccD1	270	0.008
eccD1	281	0.008
eccD1	283	0.008
eccD1	286	0.008
eccD1	300	0.016
eccD1	304	0.008
eccD1	305	0.016
eccD1	318	0.008
eccD1	350	0.086
eccD1	352	0.008
eccD1	353	0.008
eccD1	354	0.014
eccD1	359	0.016
eccD1	370	0.020
eccD1	371	0.008
eccD1	372	0.008
eccD1	385	0.008
eccD1	422	0.008
eccD1	435	0.008
eccD1	455	0.008
eccD1	469	0.008
eccD1	476	0.008
eccD1	488	0.008
eccD1	491	0.190
eccD1	507	0.022
eccD1	511	0.008
espB	2	0.022
espB	16	0.056
espB	24	0.008
espB	38	0.008
espB	43	0.008
espB	97	0.008
espB	120	0.008
espB	130	0.016
espB	132	0.008
espB	140	0.008
espB	155	0.008
espB	169	0.008
espB	178	0.008
espB	181	0.008
espB	224	0.008
espB	226	0.090
espB	252	0.008
espB	255	0.086
espB	262	0.026
espB	268	0.008
espB	275	0.008
espB	278	0.032
espB	280	0.008
espB	281	0.008
espB	310	0.008
espB	319	0.008
espB	321	0.008
espB	336	0.008
espB	340	0.008
espB	353	0.008
espB	359	0.008
espB	373	0.008
espB	378	0.008
espB	391	0.008
espB	396	0.008
espB	403	0.020
espB	430	0.008
espB	440	0.008
espB	459	0.008
espG2	5	0.008
espG2	13	0.008
espG2	16	0.008
espG2	21	0.008
espG2	24	0.026
espG2	43	0.014
espG2	45	0.008
espG2	46	0.014
espG2	61	0.008
espG2	69	0.020
espG2	71	0.008
espG2	90	0.008
espG2	92	0.008
espG2	94	0.008
espG2	109	0.008
espG2	120	0.008
espG2	131	0.008
espG2	133	0.016
espG2	138	0.008
espG2	147	0.008
espG2	159	0.008
espG2	182	0.008
espG2	191	0.008
espG2	195	0.008
espG2	204	0.022
espG2	212	0.008
espG2	226	0.016
espG2	240	0.008
espG2	255	0.008
espG2	271	0.008
espG2	273	0.008
esxC	2	0.008
esxC	74	0.008
esxC	81	0.008
esxC	84	0.008
esxC	90	0.008
esxC	92	0.020
esxD	2	0.008
esxD	14	0.008
esxD	20	0.008
esxD	39	0.008
esxD	49	0.583
esxD	56	0.020
esxD	65	0.008
esxD	66	0.008
esxD	67	0.014
esxD	71	0.008
esxD	91	0.016
esxD	97	0.008
esxD	102	0.008
eccC2	6	0.008
eccC2	30	0.008
eccC2	32	0.008
eccC2	39	0.008
eccC2	62	0.008
eccC2	73	0.286
eccC2	82	0.008
eccC2	91	0.020
eccC2	98	0.051
eccC2	99	0.051
eccC2	127	0.008
eccC2	152	0.008
eccC2	163	0.008
eccC2	188	0.008
eccC2	191	0.008
eccC2	214	0.008
eccC2	237	0.008
eccC2	247	0.037
eccC2	254	0.008
eccC2	273	0.047
eccC2	282	0.008
eccC2	283	0.008
eccC2	284	0.008
eccC2	292	0.008
eccC2	293	0.008
eccC2	332	0.008
eccC2	335	0.008
eccC2	352	0.008
eccC2	376	0.008
eccC2	401	0.014
eccC2	403	0.008
eccC2	418	0.008
eccC2	420	0.037
eccC2	430	0.008
eccC2	437	0.008
eccC2	443	0.082
eccC2	455	0.008
eccC2	465	0.008
eccC2	478	0.008
eccC2	489	0.016
eccC2	499	0.008
eccC2	517	0.008
eccC2	520	0.008
eccC2	534	0.008
eccC2	536	0.008
eccC2	541	0.008
eccC2	551	0.022
eccC2	553	0.008
eccC2	554	0.028
eccC2	557	0.008
eccC2	558	0.047
eccC2	567	0.020
eccC2	581	0.008
eccC2	608	0.008
eccC2	643	0.008
eccC2	650	0.365
eccC2	654	0.008
eccC2	659	0.008
eccC2	660	0.008
eccC2	671	0.020
eccC2	685	0.016
eccC2	699	0.008
eccC2	702	0.008
eccC2	710	0.008
eccC2	746	0.014
eccC2	749	0.008
eccC2	766	0.008
eccC2	779	0.008
eccC2	788	0.020
eccC2	802	0.008
eccC2	829	0.008
eccC2	847	0.008
eccC2	849	0.008
eccC2	851	0.008
eccC2	861	0.008
eccC2	862	0.008
eccC2	863	0.037
eccC2	889	0.008
eccC2	898	0.008
eccC2	900	0.008
eccC2	905	0.016
eccC2	906	0.008
eccC2	942	0.016
eccC2	946	0.008
eccC2	957	0.008
eccC2	958	0.008
eccC2	968	0.008
eccC2	972	0.008
eccC2	990	0.008
eccC2	998	0.008
eccC2	1005	0.008
eccC2	1006	0.008
eccC2	1034	0.008
eccC2	1037	0.008
eccC2	1049	0.008
eccC2	1057	0.008
eccC2	1061	0.020
eccC2	1064	0.008
eccC2	1072	0.008
eccC2	1085	0.008
eccC2	1088	0.008
eccC2	1089	0.008
eccC2	1094	0.008
eccC2	1097	0.008
eccC2	1114	0.020
eccC2	1119	0.014
eccC2	1124	0.008
eccC2	1140	0.014
eccC2	1159	0.008
eccC2	1160	0.008
eccC2	1162	0.008
eccC2	1182	0.008
eccC2	1195	0.008
eccC2	1202	0.016
eccC2	1203	0.008
eccC2	1229	0.026
eccC2	1239	0.008
eccC2	1257	0.008
eccC2	1275	0.008
eccC2	1280	0.008
eccC2	1285	0.032
eccC2	1302	0.014
eccC2	1314	0.008
eccC2	1337	0.032
eccC2	1366	0.008
eccC2	1370	0.008
eccC2	1371	0.008
eccC2	1372	0.008
eccC2	1382	0.008
eccC2	1396	0.008
esxE	8	0.008
esxE	20	0.008
esxE	39	0.008
esxE	40	0.008
esxE	47	0.008
esxE	67	0.008
esxE	78	0.008
esxE	80	0.193
esxE	82	0.181
esxE	88	0.008
esxF	10	0.008
esxF	28	0.008
esxF	58	0.177
esxF	68	0.008
esxF	74	0.008
esxF	79	0.008
esxF	86	0.008
esxF	88	0.008
esxF	104	0.008
gid	5	0.008
gid	8	0.008
gid	10	0.014
gid	16	0.464
gid	20	0.020
gid	21	0.008
gid	22	0.008
gid	27	0.026
gid	30	0.008
gid	31	0.008
gid	32	0.008
gid	34	0.022
gid	37	0.008
gid	38	0.008
gid	41	0.024
gid	44	0.008
gid	45	0.016
gid	48	0.008
gid	50	0.008
gid	51	0.008
gid	52	0.030
gid	57	0.064
gid	58	0.008
gid	59	0.008
gid	64	0.008
gid	65	0.016
gid	66	0.014
gid	67	0.014
gid	70	0.008
gid	73	0.008
gid	74	0.008
gid	75	0.022
gid	76	0.008
gid	77	0.029
gid	79	0.024
gid	80	0.026
gid	85	0.008
gid	86	0.008
gid	87	0.014
gid	90	0.014
gid	91	0.008
gid	92	0.359
gid	93	0.008
gid	94	0.008
gid	96	0.008
gid	97	0.008
gid	98	0.008
gid	102	0.016
gid	108	0.014
gid	113	0.008
gid	114	0.008
gid	115	0.008
gid	117	0.008
gid	118	0.008
gid	119	0.042
gid	124	0.008
gid	125	0.008
gid	130	0.008
gid	131	0.008
gid	132	0.008
gid	134	0.008
gid	136	0.008
gid	137	0.016
gid	138	0.026
gid	141	0.008
gid	145	0.008
gid	149	0.008
gid	152	0.008
gid	154	0.016
gid	158	0.008
gid	160	0.014
gid	161	0.008
gid	162	0.008
gid	164	0.014
gid	167	0.016
gid	170	0.008
gid	181	0.008
gid	187	0.008
gid	192	0.008
gid	195	0.008
gid	196	0.008
gid	203	0.008
gid	205	0.042
gid	224	0.008